"slug","title","content_type","category","batch_wave","duration_seconds","approval_status","app_instruction_slug","source_image_role","visual_reference_url","character_reference_urls","video_url","thumbnail_url"
"alongamento-leve","Alongamento leve","body_movement","Alongamentos Regionais","1","75","script_ready_needs_final_video","alongamento-leve","pose_reference","/exercises/gratidao-rapida.png","/exercises/gratidao-rapida.png|/exercises/ritual-sono-sem-tela.png|/exercises/checkin-emocional-guiado.png","/videos/alongamento-leve.mp4","/videos/thumbs/alongamento-leve.jpg"
"caminhada-consciente","Caminhada consciente","body_movement","Caminhada","1","210","script_ready_needs_final_video","caminhada-consciente","pose_reference","/exercises/gratidao-rapida.png","/exercises/gratidao-rapida.png|/exercises/ritual-sono-sem-tela.png|/exercises/checkin-emocional-guiado.png","/videos/caminhada-consciente.mp4","/videos/thumbs/caminhada-consciente.jpg"
"mobilidade-de-coluna","Mobilidade de coluna","body_movement","Mobilidade","1","150","script_ready_needs_final_video","mobilidade-de-coluna","pose_reference","/exercises/gratidao-rapida.png","/exercises/gratidao-rapida.png|/exercises/ritual-sono-sem-tela.png|/exercises/checkin-emocional-guiado.png","/videos/mobilidade-de-coluna.mp4","/videos/thumbs/mobilidade-de-coluna.jpg"
"pausa-sem-tela","Pausa sem tela","body_movement","Pausas de Trabalho / Telas","1","90","script_ready_needs_final_video","pausa-sem-tela","pose_reference","/exercises/gratidao-rapida.png","/exercises/gratidao-rapida.png|/exercises/ritual-sono-sem-tela.png|/exercises/checkin-emocional-guiado.png","/videos/pausa-sem-tela.mp4","/videos/thumbs/pausa-sem-tela.jpg"
"reset-postural","Reset postural","body_movement","Mobilidade","1","150","script_ready_needs_final_video","reset-postural","pose_reference","/exercises/gratidao-rapida.png","/exercises/gratidao-rapida.png|/exercises/ritual-sono-sem-tela.png|/exercises/checkin-emocional-guiado.png","/videos/reset-postural.mp4","/videos/thumbs/reset-postural.jpg"
"yoga-bolso-coluna-leve","Yoga de bolso: coluna leve","body_movement","Yoga Fisico / Instrucional","1","240","script_ready_needs_final_video","yoga-bolso-coluna-leve","pose_reference","/exercises/gratidao-rapida.png","/exercises/gratidao-rapida.png|/exercises/ritual-sono-sem-tela.png|/exercises/checkin-emocional-guiado.png","/videos/yoga-bolso-coluna-leve.mp4","/videos/thumbs/yoga-bolso-coluna-leve.jpg"
"missao-alongamento-leve","Alongamento leve","classic_mission","Missoes Classicas","1","180","script_ready_needs_final_video","alongamento-leve","pose_reference","/exercises/gratidao-rapida.png","/exercises/gratidao-rapida.png|/exercises/checkin-emocional-guiado.png|/exercises/diario-3-linhas.png","/videos/missao-alongamento-leve.mp4","/videos/thumbs/missao-alongamento-leve.jpg"
"missao-caminhada-consciente","Caminhada consciente","classic_mission","Missoes Classicas","1","180","script_ready_needs_final_video","caminhada-consciente","pose_reference","/exercises/gratidao-rapida.png","/exercises/gratidao-rapida.png|/exercises/checkin-emocional-guiado.png|/exercises/diario-3-linhas.png","/videos/missao-caminhada-consciente.mp4","/videos/thumbs/missao-caminhada-consciente.jpg"
"missao-pausa-sem-tela","Pausa sem tela","classic_mission","Missoes Classicas","1","90","script_ready_needs_final_video","pausa-sem-tela","pose_reference","/exercises/gratidao-rapida.png","/exercises/gratidao-rapida.png|/exercises/checkin-emocional-guiado.png|/exercises/diario-3-linhas.png","/videos/missao-pausa-sem-tela.mp4","/videos/thumbs/missao-pausa-sem-tela.jpg"
"missao-respiracao-4-4-6","Respiracao 4-4-6","classic_mission","Missoes Classicas","1","240","script_ready_needs_final_video","respiracao-4-4-6","character_reference","/exercises/respiracao-4-4-6.png","/exercises/gratidao-rapida.png|/exercises/checkin-emocional-guiado.png|/exercises/diario-3-linhas.png","/videos/missao-respiracao-4-4-6.mp4","/videos/thumbs/missao-respiracao-4-4-6.jpg"
"missao-yoga-de-bolso-coluna-leve","Yoga de bolso: coluna leve","classic_mission","Missoes Classicas","1","240","script_ready_needs_final_video","yoga-bolso-coluna-leve","pose_reference","/exercises/gratidao-rapida.png","/exercises/gratidao-rapida.png|/exercises/checkin-emocional-guiado.png|/exercises/diario-3-linhas.png","/videos/missao-yoga-de-bolso-coluna-leve.mp4","/videos/thumbs/missao-yoga-de-bolso-coluna-leve.jpg"
"agachamento-leve-guiado","Agachamento leve guiado","body_movement","Funcional em Casa","2","150","script_ready_needs_final_video","agachamento-leve-guiado","pose_reference","/exercises/gratidao-rapida.png","/exercises/gratidao-rapida.png|/exercises/ritual-sono-sem-tela.png|/exercises/checkin-emocional-guiado.png","/videos/agachamento-leve-guiado.mp4","/videos/thumbs/agachamento-leve-guiado.jpg"
"ativacao-leve-3-minutos","Ativacao leve de 3 minutos","body_movement","Mobilidade","2","150","script_ready_needs_final_video","ativacao-leve-3-minutos","pose_reference","/exercises/gratidao-rapida.png","/exercises/gratidao-rapida.png|/exercises/ritual-sono-sem-tela.png|/exercises/checkin-emocional-guiado.png","/videos/ativacao-leve-3-minutos.mp4","/videos/thumbs/ativacao-leve-3-minutos.jpg"
"caminhada-consciente-curta","Caminhada consciente curta","body_movement","Caminhada","2","150","script_ready_needs_final_video","caminhada-consciente-curta","pose_reference","/exercises/gratidao-rapida.png","/exercises/gratidao-rapida.png|/exercises/ritual-sono-sem-tela.png|/exercises/checkin-emocional-guiado.png","/videos/caminhada-consciente-curta.mp4","/videos/thumbs/caminhada-consciente-curta.jpg"
"celular-longe-da-cama","Celular longe da cama","body_movement","Pausas de Trabalho / Telas","2","60","script_ready_needs_final_video","celular-longe-da-cama","pose_reference","/exercises/ritual-sono-sem-tela.png","/exercises/ritual-sono-sem-tela.png|/exercises/respiracao-antes-de-dormir.png|/exercises/celular-longe-da-cama.png","/videos/celular-longe-da-cama.mp4","/videos/thumbs/celular-longe-da-cama.jpg"
"funcional-em-casa-iniciante","Funcional em casa iniciante","body_movement","Funcional em Casa","2","150","script_ready_needs_final_video","funcional-em-casa-iniciante","pose_reference","/exercises/gratidao-rapida.png","/exercises/gratidao-rapida.png|/exercises/ritual-sono-sem-tela.png|/exercises/checkin-emocional-guiado.png","/videos/funcional-em-casa-iniciante.mp4","/videos/thumbs/funcional-em-casa-iniciante.jpg"
"jumping-baixo-impacto","Jumping baixo impacto","body_movement","Cardio Leve","2","150","script_ready_needs_final_video","jumping-baixo-impacto","pose_reference","/exercises/gratidao-rapida.png","/exercises/gratidao-rapida.png|/exercises/ritual-sono-sem-tela.png|/exercises/checkin-emocional-guiado.png","/videos/jumping-baixo-impacto.mp4","/videos/thumbs/jumping-baixo-impacto.jpg"
"levantar-e-respirar","Levantar e respirar","body_movement","Mobilidade","2","150","script_ready_needs_final_video","levantar-e-respirar","pose_reference","/exercises/gratidao-rapida.png","/exercises/gratidao-rapida.png|/exercises/ritual-sono-sem-tela.png|/exercises/checkin-emocional-guiado.png","/videos/levantar-e-respirar.mp4","/videos/thumbs/levantar-e-respirar.jpg"
"luta-sombra-leve","Luta sombra leve","body_movement","Luta Sombra","2","150","script_ready_needs_final_video","luta-sombra-leve","pose_reference","/exercises/gratidao-rapida.png","/exercises/gratidao-rapida.png|/exercises/ritual-sono-sem-tela.png|/exercises/checkin-emocional-guiado.png","/videos/luta-sombra-leve.mp4","/videos/thumbs/luta-sombra-leve.jpg"
"marcha-leve-parada","Marcha leve parada","body_movement","Cardio Leve","2","150","script_ready_needs_final_video","marcha-leve-parada","pose_reference","/exercises/gratidao-rapida.png","/exercises/gratidao-rapida.png|/exercises/ritual-sono-sem-tela.png|/exercises/checkin-emocional-guiado.png","/videos/marcha-leve-parada.mp4","/videos/thumbs/marcha-leve-parada.jpg"
"mobilidade-pescoco-ombros","Mobilidade de pescoco e ombros","body_movement","Mobilidade","2","150","script_ready_needs_final_video","mobilidade-pescoco-ombros","pose_reference","/exercises/gratidao-rapida.png","/exercises/gratidao-rapida.png|/exercises/ritual-sono-sem-tela.png|/exercises/checkin-emocional-guiado.png","/videos/mobilidade-pescoco-ombros.mp4","/videos/thumbs/mobilidade-pescoco-ombros.jpg"
"mobilidade-rapida-coluna","Mobilidade rapida para coluna","body_movement","Mobilidade","2","150","script_ready_needs_final_video","mobilidade-rapida-coluna","pose_reference","/exercises/gratidao-rapida.png","/exercises/gratidao-rapida.png|/exercises/ritual-sono-sem-tela.png|/exercises/checkin-emocional-guiado.png","/videos/mobilidade-rapida-coluna.mp4","/videos/thumbs/mobilidade-rapida-coluna.jpg"
"pausa-consciente-trabalho","Pausa consciente no trabalho","body_movement","Pausas de Trabalho / Telas","2","90","script_ready_needs_final_video","pausa-consciente-trabalho","pose_reference","/exercises/organizacao-5-minutos.png","/exercises/organizacao-5-minutos.png|/exercises/diario-descarrego-mental.png|/exercises/gratidao-rapida.png","/videos/pausa-consciente-trabalho.mp4","/videos/thumbs/pausa-consciente-trabalho.jpg"
"pausa-de-energia","Pausa de energia","body_movement","Mobilidade","2","150","script_ready_needs_final_video","pausa-de-energia","pose_reference","/exercises/gratidao-rapida.png","/exercises/gratidao-rapida.png|/exercises/ritual-sono-sem-tela.png|/exercises/checkin-emocional-guiado.png","/videos/pausa-de-energia.mp4","/videos/thumbs/pausa-de-energia.jpg"
"pausa-foco-sem-impacto","Pausa de foco sem impacto","body_movement","Pausas de Trabalho / Telas","2","90","script_ready_needs_final_video","pausa-foco-sem-impacto","pose_reference","/exercises/organizacao-5-minutos.png","/exercises/organizacao-5-minutos.png|/exercises/diario-descarrego-mental.png|/exercises/gratidao-rapida.png","/videos/pausa-foco-sem-impacto.mp4","/videos/thumbs/pausa-foco-sem-impacto.jpg"
"pular-corda-iniciante","Pular corda iniciante","body_movement","Pular Corda","2","150","script_ready_needs_final_video","pular-corda-iniciante","pose_reference","/exercises/gratidao-rapida.png","/exercises/gratidao-rapida.png|/exercises/ritual-sono-sem-tela.png|/exercises/checkin-emocional-guiado.png","/videos/pular-corda-iniciante.mp4","/videos/thumbs/pular-corda-iniciante.jpg"
"reset-corporal-trabalho","Reset corporal no trabalho","body_movement","Pausas de Trabalho / Telas","2","90","script_ready_needs_final_video","reset-corporal-trabalho","pose_reference","/exercises/organizacao-5-minutos.png","/exercises/organizacao-5-minutos.png|/exercises/diario-descarrego-mental.png|/exercises/gratidao-rapida.png","/videos/reset-corporal-trabalho.mp4","/videos/thumbs/reset-corporal-trabalho.jpg"
"reset-de-foco","Reset de foco","body_movement","Pausas de Trabalho / Telas","2","90","script_ready_needs_final_video","reset-de-foco","pose_reference","/exercises/organizacao-5-minutos.png","/exercises/organizacao-5-minutos.png|/exercises/diario-descarrego-mental.png|/exercises/gratidao-rapida.png","/videos/reset-de-foco.mp4","/videos/thumbs/reset-de-foco.jpg"
"respiracao-mobilidade","Respiracao + mobilidade","body_movement","Mobilidade","2","150","script_ready_needs_final_video","respiracao-mobilidade","pose_reference","/exercises/gratidao-rapida.png","/exercises/gratidao-rapida.png|/exercises/ritual-sono-sem-tela.png|/exercises/checkin-emocional-guiado.png","/videos/respiracao-mobilidade.mp4","/videos/thumbs/respiracao-mobilidade.jpg"
"uma-tarefa-apenas","Uma tarefa apenas","body_movement","Pausas de Trabalho / Telas","2","120","script_ready_needs_final_video","uma-tarefa-apenas","pose_reference","/exercises/organizacao-5-minutos.png","/exercises/organizacao-5-minutos.png|/exercises/diario-descarrego-mental.png|/exercises/gratidao-rapida.png","/videos/uma-tarefa-apenas.mp4","/videos/thumbs/uma-tarefa-apenas.jpg"
"yoga-bolso-pausa-no-chao","Yoga de bolso: pausa no chao","body_movement","Yoga Fisico / Instrucional","2","240","script_ready_needs_final_video","yoga-bolso-pausa-no-chao","pose_reference","/exercises/gratidao-rapida.png","/exercises/gratidao-rapida.png|/exercises/ritual-sono-sem-tela.png|/exercises/checkin-emocional-guiado.png","/videos/yoga-bolso-pausa-no-chao.mp4","/videos/thumbs/yoga-bolso-pausa-no-chao.jpg"
"yoga-energia-leve","Yoga de energia leve","body_movement","Yoga Fisico / Instrucional","2","240","script_ready_needs_final_video","yoga-energia-leve","pose_reference","/exercises/gratidao-rapida.png","/exercises/gratidao-rapida.png|/exercises/ritual-sono-sem-tela.png|/exercises/checkin-emocional-guiado.png","/videos/yoga-energia-leve.mp4","/videos/thumbs/yoga-energia-leve.jpg"
"yoga-leve","Yoga leve","body_movement","Yoga Fisico / Instrucional","2","240","script_ready_needs_final_video","yoga-leve","pose_reference","/exercises/gratidao-rapida.png","/exercises/gratidao-rapida.png|/exercises/ritual-sono-sem-tela.png|/exercises/checkin-emocional-guiado.png","/videos/yoga-leve.mp4","/videos/thumbs/yoga-leve.jpg"
"noventa-noventa","90/90 de quadril","body_movement","Alongamentos Regionais","3","75","script_ready_needs_final_video","noventa-noventa","pose_reference","/exercises/gratidao-rapida.png","/exercises/gratidao-rapida.png|/exercises/ritual-sono-sem-tela.png|/exercises/checkin-emocional-guiado.png","/videos/noventa-noventa.mp4","/videos/thumbs/noventa-noventa.jpg"
"abertura-peito-porta","Abertura de peito na porta","body_movement","Alongamentos Regionais","3","75","script_ready_needs_final_video","abertura-peito-porta","pose_reference","/exercises/gratidao-rapida.png","/exercises/gratidao-rapida.png|/exercises/ritual-sono-sem-tela.png|/exercises/checkin-emocional-guiado.png","/videos/abertura-peito-porta.mp4","/videos/thumbs/abertura-peito-porta.jpg"
"abertura-quadril-sentado","Abertura de quadril sentado","body_movement","Alongamentos Regionais","3","75","script_ready_needs_final_video","abertura-quadril-sentado","pose_reference","/exercises/gratidao-rapida.png","/exercises/gratidao-rapida.png|/exercises/ritual-sono-sem-tela.png|/exercises/checkin-emocional-guiado.png","/videos/abertura-quadril-sentado.mp4","/videos/thumbs/abertura-quadril-sentado.jpg"
"abertura-dedos","Abertura dos dedos","body_movement","Alongamentos Regionais","3","75","script_ready_needs_final_video","abertura-dedos","pose_reference","/exercises/gratidao-rapida.png","/exercises/gratidao-rapida.png|/exercises/ritual-sono-sem-tela.png|/exercises/checkin-emocional-guiado.png","/videos/abertura-dedos.mp4","/videos/thumbs/abertura-dedos.jpg"
"abertura-dedos-pe","Abertura dos dedos do pe","body_movement","Alongamentos Regionais","3","75","script_ready_needs_final_video","abertura-dedos-pe","pose_reference","/exercises/gratidao-rapida.png","/exercises/gratidao-rapida.png|/exercises/ritual-sono-sem-tela.png|/exercises/checkin-emocional-guiado.png","/videos/abertura-dedos-pe.mp4","/videos/thumbs/abertura-dedos-pe.jpg"
"abraco-escapulas","Abraco das escapulas","body_movement","Alongamentos Regionais","3","75","script_ready_needs_final_video","abraco-escapulas","pose_reference","/exercises/gratidao-rapida.png","/exercises/gratidao-rapida.png|/exercises/ritual-sono-sem-tela.png|/exercises/checkin-emocional-guiado.png","/videos/abraco-escapulas.mp4","/videos/thumbs/abraco-escapulas.jpg"
"alcance-lateral-toracico","Alcance lateral toracico","body_movement","Alongamentos Regionais","3","75","script_ready_needs_final_video","alcance-lateral-toracico","pose_reference","/exercises/gratidao-rapida.png","/exercises/gratidao-rapida.png|/exercises/ritual-sono-sem-tela.png|/exercises/checkin-emocional-guiado.png","/videos/alcance-lateral-toracico.mp4","/videos/thumbs/alcance-lateral-toracico.jpg"
"alfabeto-tornozelo","Alfabeto com tornozelo","body_movement","Alongamentos Regionais","3","75","script_ready_needs_final_video","alfabeto-tornozelo","pose_reference","/exercises/gratidao-rapida.png","/exercises/gratidao-rapida.png|/exercises/ritual-sono-sem-tela.png|/exercises/checkin-emocional-guiado.png","/videos/alfabeto-tornozelo.mp4","/videos/thumbs/alfabeto-tornozelo.jpg"
"alongamento-frente-tornozelo","Alongamento da frente do tornozelo","body_movement","Alongamentos Regionais","3","75","script_ready_needs_final_video","alongamento-frente-tornozelo","pose_reference","/exercises/gratidao-rapida.png","/exercises/gratidao-rapida.png|/exercises/ritual-sono-sem-tela.png|/exercises/checkin-emocional-guiado.png","/videos/alongamento-frente-tornozelo.mp4","/videos/thumbs/alongamento-frente-tornozelo.jpg"
"alongamento-biceps-parede","Alongamento de biceps na parede","body_movement","Alongamentos Regionais","3","75","script_ready_needs_final_video","alongamento-biceps-parede","pose_reference","/exercises/gratidao-rapida.png","/exercises/gratidao-rapida.png|/exercises/ritual-sono-sem-tela.png|/exercises/checkin-emocional-guiado.png","/videos/alongamento-biceps-parede.mp4","/videos/thumbs/alongamento-biceps-parede.jpg"
"alongamento-de-pernas","Alongamento de pernas","body_movement","Alongamentos Regionais","3","75","script_ready_needs_final_video","alongamento-de-pernas","pose_reference","/exercises/gratidao-rapida.png","/exercises/gratidao-rapida.png|/exercises/ritual-sono-sem-tela.png|/exercises/checkin-emocional-guiado.png","/videos/alongamento-de-pernas.mp4","/videos/thumbs/alongamento-de-pernas.jpg"
"alongamento-braquiorradial","Alongamento do braquiorradial","body_movement","Alongamentos Regionais","3","75","script_ready_needs_final_video","alongamento-braquiorradial","pose_reference","/exercises/gratidao-rapida.png","/exercises/gratidao-rapida.png|/exercises/ritual-sono-sem-tela.png|/exercises/checkin-emocional-guiado.png","/videos/alongamento-braquiorradial.mp4","/videos/thumbs/alongamento-braquiorradial.jpg"
"elevador-escapula","Alongamento do elevador da escapula","body_movement","Alongamentos Regionais","3","75","script_ready_needs_final_video","elevador-escapula","pose_reference","/exercises/gratidao-rapida.png","/exercises/gratidao-rapida.png|/exercises/ritual-sono-sem-tela.png|/exercises/checkin-emocional-guiado.png","/videos/elevador-escapula.mp4","/videos/thumbs/elevador-escapula.jpg"
"alongamento-polegar","Alongamento do polegar","body_movement","Alongamentos Regionais","3","75","script_ready_needs_final_video","alongamento-polegar","pose_reference","/exercises/gratidao-rapida.png","/exercises/gratidao-rapida.png|/exercises/ritual-sono-sem-tela.png|/exercises/checkin-emocional-guiado.png","/videos/alongamento-polegar.mp4","/videos/thumbs/alongamento-polegar.jpg"
"alongamento-pronadores","Alongamento dos pronadores","body_movement","Alongamentos Regionais","3","75","script_ready_needs_final_video","alongamento-pronadores","pose_reference","/exercises/gratidao-rapida.png","/exercises/gratidao-rapida.png|/exercises/ritual-sono-sem-tela.png|/exercises/checkin-emocional-guiado.png","/videos/alongamento-pronadores.mp4","/videos/thumbs/alongamento-pronadores.jpg"
"alongamento-supinadores","Alongamento dos supinadores","body_movement","Alongamentos Regionais","3","75","script_ready_needs_final_video","alongamento-supinadores","pose_reference","/exercises/gratidao-rapida.png","/exercises/gratidao-rapida.png|/exercises/ritual-sono-sem-tela.png|/exercises/checkin-emocional-guiado.png","/videos/alongamento-supinadores.mp4","/videos/thumbs/alongamento-supinadores.jpg"
"alongamento-lateral-tronco","Alongamento lateral do tronco","body_movement","Alongamentos Regionais","3","75","script_ready_needs_final_video","alongamento-lateral-tronco","pose_reference","/exercises/gratidao-rapida.png","/exercises/gratidao-rapida.png|/exercises/ritual-sono-sem-tela.png|/exercises/checkin-emocional-guiado.png","/videos/alongamento-lateral-tronco.mp4","/videos/thumbs/alongamento-lateral-tronco.jpg"
"alongamento-leve-pernas","Alongamento leve de pernas","body_movement","Alongamentos Regionais","3","75","script_ready_needs_final_video","alongamento-leve-pernas","pose_reference","/exercises/gratidao-rapida.png","/exercises/gratidao-rapida.png|/exercises/ritual-sono-sem-tela.png|/exercises/checkin-emocional-guiado.png","/videos/alongamento-leve-pernas.mp4","/videos/thumbs/alongamento-leve-pernas.jpg"
"capsula-posterior-ombro","Alongamento posterior do ombro","body_movement","Alongamentos Regionais","3","75","script_ready_needs_final_video","capsula-posterior-ombro","pose_reference","/exercises/gratidao-rapida.png","/exercises/gratidao-rapida.png|/exercises/ritual-sono-sem-tela.png|/exercises/checkin-emocional-guiado.png","/videos/capsula-posterior-ombro.mp4","/videos/thumbs/capsula-posterior-ombro.jpg"
"joelho-no-chao-anterior","Anterior de coxa com joelho no chao","body_movement","Alongamentos Regionais","3","75","script_ready_needs_final_video","joelho-no-chao-anterior","pose_reference","/exercises/gratidao-rapida.png","/exercises/gratidao-rapida.png|/exercises/ritual-sono-sem-tela.png|/exercises/checkin-emocional-guiado.png","/videos/joelho-no-chao-anterior.mp4","/videos/thumbs/joelho-no-chao-anterior.jpg"
"anterior-coxa-cadeira","Anterior de coxa na cadeira","body_movement","Alongamentos Regionais","3","75","script_ready_needs_final_video","anterior-coxa-cadeira","pose_reference","/exercises/gratidao-rapida.png","/exercises/gratidao-rapida.png|/exercises/ritual-sono-sem-tela.png|/exercises/checkin-emocional-guiado.png","/videos/anterior-coxa-cadeira.mp4","/videos/thumbs/anterior-coxa-cadeira.jpg"
"arco-plantar-bola","Arco plantar com bola","body_movement","Alongamentos Regionais","3","75","script_ready_needs_final_video","arco-plantar-bola","pose_reference","/exercises/gratidao-rapida.png","/exercises/gratidao-rapida.png|/exercises/ritual-sono-sem-tela.png|/exercises/checkin-emocional-guiado.png","/videos/arco-plantar-bola.mp4","/videos/thumbs/arco-plantar-bola.jpg"
"bascula-pelvica","Bascula pelvica","body_movement","Alongamentos Regionais","3","75","script_ready_needs_final_video","bascula-pelvica","pose_reference","/exercises/gratidao-rapida.png","/exercises/gratidao-rapida.png|/exercises/ritual-sono-sem-tela.png|/exercises/checkin-emocional-guiado.png","/videos/bascula-pelvica.mp4","/videos/thumbs/bascula-pelvica.jpg"
"bom-dia-mobilidade","Bom dia de mobilidade","body_movement","Alongamentos Regionais","3","75","script_ready_needs_final_video","bom-dia-mobilidade","pose_reference","/exercises/gratidao-rapida.png","/exercises/gratidao-rapida.png|/exercises/ritual-sono-sem-tela.png|/exercises/checkin-emocional-guiado.png","/videos/bom-dia-mobilidade.mp4","/videos/thumbs/bom-dia-mobilidade.jpg"
"borboleta","Borboleta","body_movement","Alongamentos Regionais","3","75","script_ready_needs_final_video","borboleta","pose_reference","/exercises/gratidao-rapida.png","/exercises/gratidao-rapida.png|/exercises/ritual-sono-sem-tela.png|/exercises/checkin-emocional-guiado.png","/videos/borboleta.mp4","/videos/thumbs/borboleta.jpg"
"braco-cruzado-suave","Braco cruzado suave","body_movement","Alongamentos Regionais","3","75","script_ready_needs_final_video","braco-cruzado-suave","pose_reference","/exercises/gratidao-rapida.png","/exercises/gratidao-rapida.png|/exercises/ritual-sono-sem-tela.png|/exercises/checkin-emocional-guiado.png","/videos/braco-cruzado-suave.mp4","/videos/thumbs/braco-cruzado-suave.jpg"
"circulos-punho-mobilidade","Circulos de punho","body_movement","Alongamentos Regionais","3","75","script_ready_needs_final_video","circulos-punho-mobilidade","pose_reference","/exercises/gratidao-rapida.png","/exercises/gratidao-rapida.png|/exercises/ritual-sono-sem-tela.png|/exercises/checkin-emocional-guiado.png","/videos/circulos-punho-mobilidade.mp4","/videos/thumbs/circulos-punho-mobilidade.jpg"
"circulos-quadril","Circulos de quadril","body_movement","Alongamentos Regionais","3","75","script_ready_needs_final_video","circulos-quadril","pose_reference","/exercises/gratidao-rapida.png","/exercises/gratidao-rapida.png|/exercises/ritual-sono-sem-tela.png|/exercises/checkin-emocional-guiado.png","/videos/circulos-quadril.mp4","/videos/thumbs/circulos-quadril.jpg"
"circulos-tornozelo","Circulos de tornozelo","body_movement","Alongamentos Regionais","3","75","script_ready_needs_final_video","circulos-tornozelo","pose_reference","/exercises/gratidao-rapida.png","/exercises/gratidao-rapida.png|/exercises/ritual-sono-sem-tela.png|/exercises/checkin-emocional-guiado.png","/videos/circulos-tornozelo.mp4","/videos/thumbs/circulos-tornozelo.jpg"
"elevacao-ombros-circulos","Circulos lentos de ombros","body_movement","Alongamentos Regionais","3","75","script_ready_needs_final_video","elevacao-ombros-circulos","pose_reference","/exercises/gratidao-rapida.png","/exercises/gratidao-rapida.png|/exercises/ritual-sono-sem-tela.png|/exercises/checkin-emocional-guiado.png","/videos/elevacao-ombros-circulos.mp4","/videos/thumbs/elevacao-ombros-circulos.jpg"
"cobra-suave","Cobra suave","body_movement","Alongamentos Regionais","3","75","script_ready_needs_final_video","cobra-suave","pose_reference","/exercises/gratidao-rapida.png","/exercises/gratidao-rapida.png|/exercises/ritual-sono-sem-tela.png|/exercises/checkin-emocional-guiado.png","/videos/cobra-suave.mp4","/videos/thumbs/cobra-suave.jpg"
"deltoide-posterior-cruzado","Deltoide posterior cruzado","body_movement","Alongamentos Regionais","3","75","script_ready_needs_final_video","deltoide-posterior-cruzado","pose_reference","/exercises/gratidao-rapida.png","/exercises/gratidao-rapida.png|/exercises/ritual-sono-sem-tela.png|/exercises/checkin-emocional-guiado.png","/videos/deltoide-posterior-cruzado.mp4","/videos/thumbs/deltoide-posterior-cruzado.jpg"
"alongamento-dorsal-cadeira","Dorsal com apoio na cadeira","body_movement","Alongamentos Regionais","3","75","script_ready_needs_final_video","alongamento-dorsal-cadeira","pose_reference","/exercises/gratidao-rapida.png","/exercises/gratidao-rapida.png|/exercises/ritual-sono-sem-tela.png|/exercises/checkin-emocional-guiado.png","/videos/alongamento-dorsal-cadeira.mp4","/videos/thumbs/alongamento-dorsal-cadeira.jpg"
"dorsiflexao-parede","Dorsiflexao na parede","body_movement","Alongamentos Regionais","3","75","script_ready_needs_final_video","dorsiflexao-parede","pose_reference","/exercises/gratidao-rapida.png","/exercises/gratidao-rapida.png|/exercises/ritual-sono-sem-tela.png|/exercises/checkin-emocional-guiado.png","/videos/dorsiflexao-parede.mp4","/videos/thumbs/dorsiflexao-parede.jpg"
"extensao-abdominal-em-pe","Extensao abdominal em pe","body_movement","Alongamentos Regionais","3","75","script_ready_needs_final_video","extensao-abdominal-em-pe","pose_reference","/exercises/gratidao-rapida.png","/exercises/gratidao-rapida.png|/exercises/ritual-sono-sem-tela.png|/exercises/checkin-emocional-guiado.png","/videos/extensao-abdominal-em-pe.mp4","/videos/thumbs/extensao-abdominal-em-pe.jpg"
"extensao-bracos-atras","Extensao dos bracos atras","body_movement","Alongamentos Regionais","3","75","script_ready_needs_final_video","extensao-bracos-atras","pose_reference","/exercises/gratidao-rapida.png","/exercises/gratidao-rapida.png|/exercises/ritual-sono-sem-tela.png|/exercises/checkin-emocional-guiado.png","/videos/extensao-bracos-atras.mp4","/videos/thumbs/extensao-bracos-atras.jpg"
"extensao-dedos-pe","Extensao dos dedos do pe","body_movement","Alongamentos Regionais","3","75","script_ready_needs_final_video","extensao-dedos-pe","pose_reference","/exercises/gratidao-rapida.png","/exercises/gratidao-rapida.png|/exercises/ritual-sono-sem-tela.png|/exercises/checkin-emocional-guiado.png","/videos/extensao-dedos-pe.mp4","/videos/thumbs/extensao-dedos-pe.jpg"
"extensao-flexores-punho","Extensao dos flexores do punho","body_movement","Alongamentos Regionais","3","75","script_ready_needs_final_video","extensao-flexores-punho","pose_reference","/exercises/gratidao-rapida.png","/exercises/gratidao-rapida.png|/exercises/ritual-sono-sem-tela.png|/exercises/checkin-emocional-guiado.png","/videos/extensao-flexores-punho.mp4","/videos/thumbs/extensao-flexores-punho.jpg"
"extensao-toracica-peito","Extensao toracica com abertura de peito","body_movement","Alongamentos Regionais","3","75","script_ready_needs_final_video","extensao-toracica-peito","pose_reference","/exercises/gratidao-rapida.png","/exercises/gratidao-rapida.png|/exercises/ritual-sono-sem-tela.png|/exercises/checkin-emocional-guiado.png","/videos/extensao-toracica-peito.mp4","/videos/thumbs/extensao-toracica-peito.jpg"
"extensao-toracica-cadeira","Extensao toracica na cadeira","body_movement","Alongamentos Regionais","3","75","script_ready_needs_final_video","extensao-toracica-cadeira","pose_reference","/exercises/gratidao-rapida.png","/exercises/gratidao-rapida.png|/exercises/ritual-sono-sem-tela.png|/exercises/checkin-emocional-guiado.png","/videos/extensao-toracica-cadeira.mp4","/videos/thumbs/extensao-toracica-cadeira.jpg"
"fascia-plantar-toalha","Fascia plantar com toalha","body_movement","Alongamentos Regionais","3","75","script_ready_needs_final_video","fascia-plantar-toalha","pose_reference","/exercises/gratidao-rapida.png","/exercises/gratidao-rapida.png|/exercises/ritual-sono-sem-tela.png|/exercises/checkin-emocional-guiado.png","/videos/fascia-plantar-toalha.mp4","/videos/thumbs/fascia-plantar-toalha.jpg"
"figura-quatro-sentado","Figura quatro sentado","body_movement","Alongamentos Regionais","3","75","script_ready_needs_final_video","figura-quatro-sentado","pose_reference","/exercises/gratidao-rapida.png","/exercises/gratidao-rapida.png|/exercises/ritual-sono-sem-tela.png|/exercises/checkin-emocional-guiado.png","/videos/figura-quatro-sentado.mp4","/videos/thumbs/figura-quatro-sentado.jpg"
"flexao-cervical-suave","Flexao cervical suave","body_movement","Alongamentos Regionais","3","75","script_ready_needs_final_video","flexao-cervical-suave","pose_reference","/exercises/gratidao-rapida.png","/exercises/gratidao-rapida.png|/exercises/ritual-sono-sem-tela.png|/exercises/checkin-emocional-guiado.png","/videos/flexao-cervical-suave.mp4","/videos/thumbs/flexao-cervical-suave.jpg"
"flexao-dedos-pe","Flexao dos dedos do pe","body_movement","Alongamentos Regionais","3","75","script_ready_needs_final_video","flexao-dedos-pe","pose_reference","/exercises/gratidao-rapida.png","/exercises/gratidao-rapida.png|/exercises/ritual-sono-sem-tela.png|/exercises/checkin-emocional-guiado.png","/videos/flexao-dedos-pe.mp4","/videos/thumbs/flexao-dedos-pe.jpg"
"flexao-extensores-punho","Flexao dos extensores do punho","body_movement","Alongamentos Regionais","3","75","script_ready_needs_final_video","flexao-extensores-punho","pose_reference","/exercises/gratidao-rapida.png","/exercises/gratidao-rapida.png|/exercises/ritual-sono-sem-tela.png|/exercises/checkin-emocional-guiado.png","/videos/flexao-extensores-punho.mp4","/videos/thumbs/flexao-extensores-punho.jpg"
"flexao-lombar-sentada","Flexao lombar sentada","body_movement","Alongamentos Regionais","3","75","script_ready_needs_final_video","flexao-lombar-sentada","pose_reference","/exercises/gratidao-rapida.png","/exercises/gratidao-rapida.png|/exercises/ritual-sono-sem-tela.png|/exercises/checkin-emocional-guiado.png","/videos/flexao-lombar-sentada.mp4","/videos/thumbs/flexao-lombar-sentada.jpg"
"flexor-quadril-ajoelhado","Flexor do quadril ajoelhado","body_movement","Alongamentos Regionais","3","75","script_ready_needs_final_video","flexor-quadril-ajoelhado","pose_reference","/exercises/gratidao-rapida.png","/exercises/gratidao-rapida.png|/exercises/ritual-sono-sem-tela.png|/exercises/checkin-emocional-guiado.png","/videos/flexor-quadril-ajoelhado.mp4","/videos/thumbs/flexor-quadril-ajoelhado.jpg"
"flexor-quadril-com-quadriceps","Flexor do quadril com quadriceps","body_movement","Alongamentos Regionais","3","75","script_ready_needs_final_video","flexor-quadril-com-quadriceps","pose_reference","/exercises/gratidao-rapida.png","/exercises/gratidao-rapida.png|/exercises/ritual-sono-sem-tela.png|/exercises/checkin-emocional-guiado.png","/videos/flexor-quadril-com-quadriceps.mp4","/videos/thumbs/flexor-quadril-com-quadriceps.jpg"
"gato-vaca-escapular","Gato-vaca escapular","body_movement","Alongamentos Regionais","3","75","script_ready_needs_final_video","gato-vaca-escapular","pose_reference","/exercises/gratidao-rapida.png","/exercises/gratidao-rapida.png|/exercises/ritual-sono-sem-tela.png|/exercises/checkin-emocional-guiado.png","/videos/gato-vaca-escapular.mp4","/videos/thumbs/gato-vaca-escapular.jpg"
"gato-vaca-toracico","Gato-vaca toracico","body_movement","Alongamentos Regionais","3","75","script_ready_needs_final_video","gato-vaca-toracico","pose_reference","/exercises/gratidao-rapida.png","/exercises/gratidao-rapida.png|/exercises/ritual-sono-sem-tela.png|/exercises/checkin-emocional-guiado.png","/videos/gato-vaca-toracico.mp4","/videos/thumbs/gato-vaca-toracico.jpg"
"gluteo-parede","Gluteo na parede","body_movement","Alongamentos Regionais","3","75","script_ready_needs_final_video","gluteo-parede","pose_reference","/exercises/gratidao-rapida.png","/exercises/gratidao-rapida.png|/exercises/ritual-sono-sem-tela.png|/exercises/checkin-emocional-guiado.png","/videos/gluteo-parede.mp4","/videos/thumbs/gluteo-parede.jpg"
"inclinacao-lateral-pescoco","Inclinacao lateral do pescoco","body_movement","Alongamentos Regionais","3","75","script_ready_needs_final_video","inclinacao-lateral-pescoco","pose_reference","/exercises/gratidao-rapida.png","/exercises/gratidao-rapida.png|/exercises/ritual-sono-sem-tela.png|/exercises/checkin-emocional-guiado.png","/videos/inclinacao-lateral-pescoco.mp4","/videos/thumbs/inclinacao-lateral-pescoco.jpg"
"inclinacao-unilateral-cadeira","Inclinacao unilateral na cadeira","body_movement","Alongamentos Regionais","3","75","script_ready_needs_final_video","inclinacao-unilateral-cadeira","pose_reference","/exercises/gratidao-rapida.png","/exercises/gratidao-rapida.png|/exercises/ritual-sono-sem-tela.png|/exercises/checkin-emocional-guiado.png","/videos/inclinacao-unilateral-cadeira.mp4","/videos/thumbs/inclinacao-unilateral-cadeira.jpg"
"inversao-eversao-controlada","Inversao e eversao controlada","body_movement","Alongamentos Regionais","3","75","script_ready_needs_final_video","inversao-eversao-controlada","pose_reference","/exercises/gratidao-rapida.png","/exercises/gratidao-rapida.png|/exercises/ritual-sono-sem-tela.png|/exercises/checkin-emocional-guiado.png","/videos/inversao-eversao-controlada.mp4","/videos/thumbs/inversao-eversao-controlada.jpg"
"joelho-ao-peito-cruzado","Joelho ao peito cruzado","body_movement","Alongamentos Regionais","3","75","script_ready_needs_final_video","joelho-ao-peito-cruzado","pose_reference","/exercises/gratidao-rapida.png","/exercises/gratidao-rapida.png|/exercises/ritual-sono-sem-tela.png|/exercises/checkin-emocional-guiado.png","/videos/joelho-ao-peito-cruzado.mp4","/videos/thumbs/joelho-ao-peito-cruzado.jpg"
"joelhos-ao-peito","Joelhos ao peito","body_movement","Alongamentos Regionais","3","75","script_ready_needs_final_video","joelhos-ao-peito","pose_reference","/exercises/gratidao-rapida.png","/exercises/gratidao-rapida.png|/exercises/ritual-sono-sem-tela.png|/exercises/checkin-emocional-guiado.png","/videos/joelhos-ao-peito.mp4","/videos/thumbs/joelhos-ao-peito.jpg"
"livro-aberto","Livro aberto","body_movement","Alongamentos Regionais","3","75","script_ready_needs_final_video","livro-aberto","pose_reference","/exercises/gratidao-rapida.png","/exercises/gratidao-rapida.png|/exercises/ritual-sono-sem-tela.png|/exercises/checkin-emocional-guiado.png","/videos/livro-aberto.mp4","/videos/thumbs/livro-aberto.jpg"
"maos-atras-costas","Maos atras das costas","body_movement","Alongamentos Regionais","3","75","script_ready_needs_final_video","maos-atras-costas","pose_reference","/exercises/gratidao-rapida.png","/exercises/gratidao-rapida.png|/exercises/ritual-sono-sem-tela.png|/exercises/checkin-emocional-guiado.png","/videos/maos-atras-costas.mp4","/videos/thumbs/maos-atras-costas.jpg"
"mobilidade-braco-cotovelo","Mobilidade de braco e cotovelo","body_movement","Alongamentos Regionais","3","75","script_ready_needs_final_video","mobilidade-braco-cotovelo","pose_reference","/exercises/gratidao-rapida.png","/exercises/gratidao-rapida.png|/exercises/ritual-sono-sem-tela.png|/exercises/checkin-emocional-guiado.png","/videos/mobilidade-braco-cotovelo.mp4","/videos/thumbs/mobilidade-braco-cotovelo.jpg"
"mobilidade-cotovelo","Mobilidade leve de cotovelo","body_movement","Alongamentos Regionais","3","75","script_ready_needs_final_video","mobilidade-cotovelo","pose_reference","/exercises/gratidao-rapida.png","/exercises/gratidao-rapida.png|/exercises/ritual-sono-sem-tela.png|/exercises/checkin-emocional-guiado.png","/videos/mobilidade-cotovelo.mp4","/videos/thumbs/mobilidade-cotovelo.jpg"
"mobilidade-tornozelo-panturrilha","Mobilidade tornozelo-panturrilha","body_movement","Alongamentos Regionais","3","75","script_ready_needs_final_video","mobilidade-tornozelo-panturrilha","pose_reference","/exercises/gratidao-rapida.png","/exercises/gratidao-rapida.png|/exercises/ritual-sono-sem-tela.png|/exercises/checkin-emocional-guiado.png","/videos/mobilidade-tornozelo-panturrilha.mp4","/videos/thumbs/mobilidade-tornozelo-panturrilha.jpg"
"panturrilha-toalha","Panturrilha com toalha","body_movement","Alongamentos Regionais","3","75","script_ready_needs_final_video","panturrilha-toalha","pose_reference","/exercises/gratidao-rapida.png","/exercises/gratidao-rapida.png|/exercises/ritual-sono-sem-tela.png|/exercises/checkin-emocional-guiado.png","/videos/panturrilha-toalha.mp4","/videos/thumbs/panturrilha-toalha.jpg"
"panturrilha-parede","Panturrilha na parede","body_movement","Alongamentos Regionais","3","75","script_ready_needs_final_video","panturrilha-parede","pose_reference","/exercises/gratidao-rapida.png","/exercises/gratidao-rapida.png|/exercises/ritual-sono-sem-tela.png|/exercises/checkin-emocional-guiado.png","/videos/panturrilha-parede.mp4","/videos/thumbs/panturrilha-parede.jpg"
"degrau-panturrilha","Panturrilha no degrau","body_movement","Alongamentos Regionais","3","75","script_ready_needs_final_video","degrau-panturrilha","pose_reference","/exercises/gratidao-rapida.png","/exercises/gratidao-rapida.png|/exercises/ritual-sono-sem-tela.png|/exercises/checkin-emocional-guiado.png","/videos/degrau-panturrilha.mp4","/videos/thumbs/degrau-panturrilha.jpg"
"peitoral-parede-um-braco","Peitoral na parede com um braco","body_movement","Alongamentos Regionais","3","75","script_ready_needs_final_video","peitoral-parede-um-braco","pose_reference","/exercises/gratidao-rapida.png","/exercises/gratidao-rapida.png|/exercises/ritual-sono-sem-tela.png|/exercises/checkin-emocional-guiado.png","/videos/peitoral-parede-um-braco.mp4","/videos/thumbs/peitoral-parede-um-braco.jpg"
"peitoral-no-canto","Peitoral no canto da parede","body_movement","Alongamentos Regionais","3","75","script_ready_needs_final_video","peitoral-no-canto","pose_reference","/exercises/gratidao-rapida.png","/exercises/gratidao-rapida.png|/exercises/ritual-sono-sem-tela.png|/exercises/checkin-emocional-guiado.png","/videos/peitoral-no-canto.mp4","/videos/thumbs/peitoral-no-canto.jpg"
"pendulo-ombro","Pendulo de ombro","body_movement","Alongamentos Regionais","3","75","script_ready_needs_final_video","pendulo-ombro","pose_reference","/exercises/gratidao-rapida.png","/exercises/gratidao-rapida.png|/exercises/ritual-sono-sem-tela.png|/exercises/checkin-emocional-guiado.png","/videos/pendulo-ombro.mp4","/videos/thumbs/pendulo-ombro.jpg"
"piriforme-deitado","Piriforme deitado","body_movement","Alongamentos Regionais","3","75","script_ready_needs_final_video","piriforme-deitado","pose_reference","/exercises/gratidao-rapida.png","/exercises/gratidao-rapida.png|/exercises/ritual-sono-sem-tela.png|/exercises/checkin-emocional-guiado.png","/videos/piriforme-deitado.mp4","/videos/thumbs/piriforme-deitado.jpg"
"pombo-adaptado","Pombo adaptado","body_movement","Alongamentos Regionais","3","75","script_ready_needs_final_video","pombo-adaptado","pose_reference","/exercises/gratidao-rapida.png","/exercises/gratidao-rapida.png|/exercises/ritual-sono-sem-tela.png|/exercises/checkin-emocional-guiado.png","/videos/pombo-adaptado.mp4","/videos/thumbs/pombo-adaptado.jpg"
"ponte-suave-abertura","Ponte suave com abertura anterior","body_movement","Alongamentos Regionais","3","75","script_ready_needs_final_video","ponte-suave-abertura","pose_reference","/exercises/gratidao-rapida.png","/exercises/gratidao-rapida.png|/exercises/ritual-sono-sem-tela.png|/exercises/checkin-emocional-guiado.png","/videos/ponte-suave-abertura.mp4","/videos/thumbs/ponte-suave-abertura.jpg"
"toalha-deitado","Posterior com toalha deitado","body_movement","Alongamentos Regionais","3","75","script_ready_needs_final_video","toalha-deitado","pose_reference","/exercises/gratidao-rapida.png","/exercises/gratidao-rapida.png|/exercises/ritual-sono-sem-tela.png|/exercises/checkin-emocional-guiado.png","/videos/toalha-deitado.mp4","/videos/thumbs/toalha-deitado.jpg"
"posterior-em-pe-apoio","Posterior em pe com apoio","body_movement","Alongamentos Regionais","3","75","script_ready_needs_final_video","posterior-em-pe-apoio","pose_reference","/exercises/gratidao-rapida.png","/exercises/gratidao-rapida.png|/exercises/ritual-sono-sem-tela.png|/exercises/checkin-emocional-guiado.png","/videos/posterior-em-pe-apoio.mp4","/videos/thumbs/posterior-em-pe-apoio.jpg"
"posterior-sentado","Posterior sentado","body_movement","Alongamentos Regionais","3","75","script_ready_needs_final_video","posterior-sentado","pose_reference","/exercises/gratidao-rapida.png","/exercises/gratidao-rapida.png|/exercises/ritual-sono-sem-tela.png|/exercises/checkin-emocional-guiado.png","/videos/posterior-sentado.mp4","/videos/thumbs/posterior-sentado.jpg"
"postura-crianca","Postura da crianca","body_movement","Alongamentos Regionais","3","75","script_ready_needs_final_video","postura-crianca","pose_reference","/exercises/gratidao-rapida.png","/exercises/gratidao-rapida.png|/exercises/ritual-sono-sem-tela.png|/exercises/checkin-emocional-guiado.png","/videos/postura-crianca.mp4","/videos/thumbs/postura-crianca.jpg"
"postura-crianca-lateral","Postura da crianca lateral","body_movement","Alongamentos Regionais","3","75","script_ready_needs_final_video","postura-crianca-lateral","pose_reference","/exercises/gratidao-rapida.png","/exercises/gratidao-rapida.png|/exercises/ritual-sono-sem-tela.png|/exercises/checkin-emocional-guiado.png","/videos/postura-crianca-lateral.mp4","/videos/thumbs/postura-crianca-lateral.jpg"
"pronacao-supinacao-antebraco","Pronacao e supinacao do antebraco","body_movement","Alongamentos Regionais","3","75","script_ready_needs_final_video","pronacao-supinacao-antebraco","pose_reference","/exercises/gratidao-rapida.png","/exercises/gratidao-rapida.png|/exercises/ritual-sono-sem-tela.png|/exercises/checkin-emocional-guiado.png","/videos/pronacao-supinacao-antebraco.mp4","/videos/thumbs/pronacao-supinacao-antebraco.jpg"
"quadriceps-lateral-deitado","Quadriceps deitado de lado","body_movement","Alongamentos Regionais","3","75","script_ready_needs_final_video","quadriceps-lateral-deitado","pose_reference","/exercises/gratidao-rapida.png","/exercises/gratidao-rapida.png|/exercises/ritual-sono-sem-tela.png|/exercises/checkin-emocional-guiado.png","/videos/quadriceps-lateral-deitado.mp4","/videos/thumbs/quadriceps-lateral-deitado.jpg"
"quadriceps-em-pe-apoio","Quadriceps em pe com apoio","body_movement","Alongamentos Regionais","3","75","script_ready_needs_final_video","quadriceps-em-pe-apoio","pose_reference","/exercises/gratidao-rapida.png","/exercises/gratidao-rapida.png|/exercises/ritual-sono-sem-tela.png|/exercises/checkin-emocional-guiado.png","/videos/quadriceps-em-pe-apoio.mp4","/videos/thumbs/quadriceps-em-pe-apoio.jpg"
"queixo-para-tras","Queixo para tras","body_movement","Alongamentos Regionais","3","75","script_ready_needs_final_video","queixo-para-tras","pose_reference","/exercises/gratidao-rapida.png","/exercises/gratidao-rapida.png|/exercises/ritual-sono-sem-tela.png|/exercises/checkin-emocional-guiado.png","/videos/queixo-para-tras.mp4","/videos/thumbs/queixo-para-tras.jpg"
"respiracao-costelas","Respiracao nas costelas","body_movement","Alongamentos Regionais","3","75","script_ready_needs_final_video","respiracao-costelas","pose_reference","/exercises/gratidao-rapida.png","/exercises/gratidao-rapida.png|/exercises/ritual-sono-sem-tela.png|/exercises/checkin-emocional-guiado.png","/videos/respiracao-costelas.mp4","/videos/thumbs/respiracao-costelas.jpg"
"retracao-protracao-escapular","Retracao e protracao escapular","body_movement","Alongamentos Regionais","3","75","script_ready_needs_final_video","retracao-protracao-escapular","pose_reference","/exercises/gratidao-rapida.png","/exercises/gratidao-rapida.png|/exercises/ritual-sono-sem-tela.png|/exercises/checkin-emocional-guiado.png","/videos/retracao-protracao-escapular.mp4","/videos/thumbs/retracao-protracao-escapular.jpg"
"rotacao-cervical-controlada","Rotacao cervical controlada","body_movement","Alongamentos Regionais","3","75","script_ready_needs_final_video","rotacao-cervical-controlada","pose_reference","/exercises/gratidao-rapida.png","/exercises/gratidao-rapida.png|/exercises/ritual-sono-sem-tela.png|/exercises/checkin-emocional-guiado.png","/videos/rotacao-cervical-controlada.mp4","/videos/thumbs/rotacao-cervical-controlada.jpg"
"rotacao-externa-parede","Rotacao externa na parede","body_movement","Alongamentos Regionais","3","75","script_ready_needs_final_video","rotacao-externa-parede","pose_reference","/exercises/gratidao-rapida.png","/exercises/gratidao-rapida.png|/exercises/ritual-sono-sem-tela.png|/exercises/checkin-emocional-guiado.png","/videos/rotacao-externa-parede.mp4","/videos/thumbs/rotacao-externa-parede.jpg"
"rotacao-toracica-sentada","Rotacao toracica sentada","body_movement","Alongamentos Regionais","3","75","script_ready_needs_final_video","rotacao-toracica-sentada","pose_reference","/exercises/gratidao-rapida.png","/exercises/gratidao-rapida.png|/exercises/ritual-sono-sem-tela.png|/exercises/checkin-emocional-guiado.png","/videos/rotacao-toracica-sentada.mp4","/videos/thumbs/rotacao-toracica-sentada.jpg"
"soleo-joelho-flexionado","Soleo com joelho flexionado","body_movement","Alongamentos Regionais","3","75","script_ready_needs_final_video","soleo-joelho-flexionado","pose_reference","/exercises/gratidao-rapida.png","/exercises/gratidao-rapida.png|/exercises/ritual-sono-sem-tela.png|/exercises/checkin-emocional-guiado.png","/videos/soleo-joelho-flexionado.mp4","/videos/thumbs/soleo-joelho-flexionado.jpg"
"soltar-tensao-pescoco-ombros","Soltar tensao de pescoco e ombros","body_movement","Alongamentos Regionais","3","75","script_ready_needs_final_video","soltar-tensao-pescoco-ombros","pose_reference","/exercises/gratidao-rapida.png","/exercises/gratidao-rapida.png|/exercises/ritual-sono-sem-tela.png|/exercises/checkin-emocional-guiado.png","/videos/soltar-tensao-pescoco-ombros.mp4","/videos/thumbs/soltar-tensao-pescoco-ombros.jpg"
"torcao-lombar-leve","Torcao lombar leve","body_movement","Alongamentos Regionais","3","75","script_ready_needs_final_video","torcao-lombar-leve","pose_reference","/exercises/gratidao-rapida.png","/exercises/gratidao-rapida.png|/exercises/ritual-sono-sem-tela.png|/exercises/checkin-emocional-guiado.png","/videos/torcao-lombar-leve.mp4","/videos/thumbs/torcao-lombar-leve.jpg"
"triceps-acima-cabeca","Triceps acima da cabeca","body_movement","Alongamentos Regionais","3","75","script_ready_needs_final_video","triceps-acima-cabeca","pose_reference","/exercises/gratidao-rapida.png","/exercises/gratidao-rapida.png|/exercises/ritual-sono-sem-tela.png|/exercises/checkin-emocional-guiado.png","/videos/triceps-acima-cabeca.mp4","/videos/thumbs/triceps-acima-cabeca.jpg"
"missao-caminhada-consciente-indoor","Caminhada consciente indoor","classic_mission","Missoes Classicas","4","180","metadata_ready_needs_app_catalog_entry","","missing","/exercises/gratidao-rapida.png","/exercises/gratidao-rapida.png|/exercises/checkin-emocional-guiado.png|/exercises/diario-3-linhas.png","/videos/missao-caminhada-consciente-indoor.mp4","/videos/thumbs/missao-caminhada-consciente-indoor.jpg"
"missao-desafio-gentil-de-sono","Desafio gentil de sono","classic_mission","Missoes Classicas","4","120","script_ready_needs_final_video","ritual-sono-sem-tela","character_reference","/exercises/ritual-sono-sem-tela.png","/exercises/ritual-sono-sem-tela.png|/exercises/respiracao-antes-de-dormir.png|/exercises/celular-longe-da-cama.png","/videos/missao-desafio-gentil-de-sono.mp4","/videos/thumbs/missao-desafio-gentil-de-sono.jpg"
"missao-diario-de-descarrego-mental","Diario de descarrego mental","classic_mission","Missoes Classicas","4","90","script_ready_needs_final_video","diario-descarrego-mental","character_reference","/exercises/diario-descarrego-mental.png","/exercises/gratidao-rapida.png|/exercises/checkin-emocional-guiado.png|/exercises/diario-3-linhas.png","/videos/missao-diario-de-descarrego-mental.mp4","/videos/thumbs/missao-diario-de-descarrego-mental.jpg"
"missao-fechamento-do-dia","Fechamento do dia","classic_mission","Missoes Classicas","4","120","script_ready_needs_final_video","fechamento-do-dia","character_reference","/exercises/fechamento-do-dia.png","/exercises/gratidao-rapida.png|/exercises/checkin-emocional-guiado.png|/exercises/diario-3-linhas.png","/videos/missao-fechamento-do-dia.mp4","/videos/thumbs/missao-fechamento-do-dia.jpg"
"missao-gratidao-rapida","Gratidao rapida","classic_mission","Missoes Classicas","4","90","script_ready_needs_final_video","gratidao-rapida","character_reference","/exercises/gratidao-rapida.png","/exercises/gratidao-rapida.png|/exercises/checkin-emocional-guiado.png|/exercises/diario-3-linhas.png","/videos/missao-gratidao-rapida.mp4","/videos/thumbs/missao-gratidao-rapida.jpg"
"missao-mapa-pessoal-do-agora","Mapa pessoal do agora","classic_mission","Missoes Classicas","4","90","script_ready_needs_final_video","checkin-emocional-guiado","character_reference","/exercises/checkin-emocional-guiado.png","/exercises/gratidao-rapida.png|/exercises/checkin-emocional-guiado.png|/exercises/diario-3-linhas.png","/videos/missao-mapa-pessoal-do-agora.mp4","/videos/thumbs/missao-mapa-pessoal-do-agora.jpg"
"missao-mobilidade-corpo-inteiro","Mobilidade corpo inteiro","classic_mission","Missoes Classicas","4","240","script_ready_needs_final_video","ativacao-leve-3-minutos","pose_reference","/exercises/gratidao-rapida.png","/exercises/gratidao-rapida.png|/exercises/checkin-emocional-guiado.png|/exercises/diario-3-linhas.png","/videos/missao-mobilidade-corpo-inteiro.mp4","/videos/thumbs/missao-mobilidade-corpo-inteiro.jpg"
"missao-modo-reuniao-dificil","Modo reuniao dificil","classic_mission","Missoes Classicas","4","90","metadata_ready_needs_app_catalog_entry","","missing","/exercises/gratidao-rapida.png","/exercises/gratidao-rapida.png|/exercises/checkin-emocional-guiado.png|/exercises/diario-3-linhas.png","/videos/missao-modo-reuniao-dificil.mp4","/videos/thumbs/missao-modo-reuniao-dificil.jpg"
"missao-organizacao-de-5-minutos","Organizacao de 5 minutos","classic_mission","Missoes Classicas","4","90","script_ready_needs_final_video","organizacao-5-minutos","character_reference","/exercises/organizacao-5-minutos.png","/exercises/organizacao-5-minutos.png|/exercises/diario-descarrego-mental.png|/exercises/gratidao-rapida.png","/videos/missao-organizacao-de-5-minutos.mp4","/videos/thumbs/missao-organizacao-de-5-minutos.jpg"
"missao-pausa-de-ambiente","Pausa de ambiente","classic_mission","Missoes Classicas","4","90","script_ready_needs_final_video","luz-e-janela","character_reference","/exercises/luz-e-janela.png","/exercises/gratidao-rapida.png|/exercises/checkin-emocional-guiado.png|/exercises/diario-3-linhas.png","/videos/missao-pausa-de-ambiente.mp4","/videos/thumbs/missao-pausa-de-ambiente.jpg"
"missao-pausa-de-foco","Pausa de foco","classic_mission","Missoes Classicas","4","90","script_ready_needs_final_video","pausa-foco-sem-impacto","pose_reference","/exercises/organizacao-5-minutos.png","/exercises/organizacao-5-minutos.png|/exercises/diario-descarrego-mental.png|/exercises/gratidao-rapida.png","/videos/missao-pausa-de-foco.mp4","/videos/thumbs/missao-pausa-de-foco.jpg"
"missao-planejamento-gentil-do-dia","Planejamento gentil do dia","classic_mission","Missoes Classicas","4","90","script_ready_needs_final_video","planejamento-gentil-dia-seguinte","character_reference","/exercises/planejamento-gentil-dia-seguinte.png","/exercises/organizacao-5-minutos.png|/exercises/diario-descarrego-mental.png|/exercises/gratidao-rapida.png","/videos/missao-planejamento-gentil-do-dia.mp4","/videos/thumbs/missao-planejamento-gentil-do-dia.jpg"
"missao-reset-de-foco","Reset de foco","classic_mission","Missoes Classicas","4","90","script_ready_needs_final_video","reset-de-foco","pose_reference","/exercises/organizacao-5-minutos.png","/exercises/organizacao-5-minutos.png|/exercises/diario-descarrego-mental.png|/exercises/gratidao-rapida.png","/videos/missao-reset-de-foco.mp4","/videos/thumbs/missao-reset-de-foco.jpg"
"missao-ritual-de-sono-sem-tela","Ritual de sono sem tela","classic_mission","Missoes Classicas","4","120","script_ready_needs_final_video","ritual-sono-sem-tela","character_reference","/exercises/ritual-sono-sem-tela.png","/exercises/ritual-sono-sem-tela.png|/exercises/respiracao-antes-de-dormir.png|/exercises/celular-longe-da-cama.png","/videos/missao-ritual-de-sono-sem-tela.mp4","/videos/thumbs/missao-ritual-de-sono-sem-tela.jpg"
"missao-treino-casa-calma","Treino casa-calma","classic_mission","Missoes Classicas","4","180","script_ready_needs_final_video","funcional-em-casa-iniciante","pose_reference","/exercises/gratidao-rapida.png","/exercises/gratidao-rapida.png|/exercises/checkin-emocional-guiado.png|/exercises/diario-3-linhas.png","/videos/missao-treino-casa-calma.mp4","/videos/thumbs/missao-treino-casa-calma.jpg"
"missao-trilha-voltar-ao-foco","Trilha voltar ao foco","classic_mission","Missoes Classicas","4","90","script_ready_needs_final_video","reset-de-foco","pose_reference","/exercises/organizacao-5-minutos.png","/exercises/organizacao-5-minutos.png|/exercises/diario-descarrego-mental.png|/exercises/gratidao-rapida.png","/videos/missao-trilha-voltar-ao-foco.mp4","/videos/thumbs/missao-trilha-voltar-ao-foco.jpg"
"missao-yoga-de-bolso-desacelerar","Yoga de bolso: desacelerar","classic_mission","Missoes Classicas","4","240","metadata_ready_needs_app_catalog_entry","","missing","/exercises/gratidao-rapida.png","/exercises/gratidao-rapida.png|/exercises/checkin-emocional-guiado.png|/exercises/diario-3-linhas.png","/videos/missao-yoga-de-bolso-desacelerar.mp4","/videos/thumbs/missao-yoga-de-bolso-desacelerar.jpg"
