"slug","title","duration_seconds","required_frame_count","missing_frame_count","existing_premium_frame_urls","existing_generated_frame_urls","video_url"
"alongamento-leve","Alongamento leve","75","8","0","","/videos/frames/alongamento-leve/alongamento-leve-01.jpg|/videos/frames/alongamento-leve/alongamento-leve-02.jpg|/videos/frames/alongamento-leve/alongamento-leve-03.jpg|/videos/frames/alongamento-leve/alongamento-leve-04.jpg|/videos/frames/alongamento-leve/alongamento-leve-05.jpg|/videos/frames/alongamento-leve/alongamento-leve-06.jpg|/videos/frames/alongamento-leve/alongamento-leve-07.jpg|/videos/frames/alongamento-leve/alongamento-leve-08.jpg","/videos/alongamento-leve.mp4"
"caminhada-consciente","Caminhada consciente","210","12","0","","/videos/frames/caminhada-consciente/caminhada-consciente-01.jpg|/videos/frames/caminhada-consciente/caminhada-consciente-02.jpg|/videos/frames/caminhada-consciente/caminhada-consciente-03.jpg|/videos/frames/caminhada-consciente/caminhada-consciente-04.jpg|/videos/frames/caminhada-consciente/caminhada-consciente-05.jpg|/videos/frames/caminhada-consciente/caminhada-consciente-06.jpg|/videos/frames/caminhada-consciente/caminhada-consciente-07.jpg|/videos/frames/caminhada-consciente/caminhada-consciente-08.jpg|/videos/frames/caminhada-consciente/caminhada-consciente-09.jpg|/videos/frames/caminhada-consciente/caminhada-consciente-10.jpg|/videos/frames/caminhada-consciente/caminhada-consciente-11.jpg|/videos/frames/caminhada-consciente/caminhada-consciente-12.jpg","/videos/caminhada-consciente.mp4"
"mobilidade-de-coluna","Mobilidade de coluna","150","8","0","","/videos/frames/mobilidade-de-coluna/mobilidade-de-coluna-01.jpg|/videos/frames/mobilidade-de-coluna/mobilidade-de-coluna-02.jpg|/videos/frames/mobilidade-de-coluna/mobilidade-de-coluna-03.jpg|/videos/frames/mobilidade-de-coluna/mobilidade-de-coluna-04.jpg|/videos/frames/mobilidade-de-coluna/mobilidade-de-coluna-05.jpg|/videos/frames/mobilidade-de-coluna/mobilidade-de-coluna-06.jpg|/videos/frames/mobilidade-de-coluna/mobilidade-de-coluna-07.jpg|/videos/frames/mobilidade-de-coluna/mobilidade-de-coluna-08.jpg","/videos/mobilidade-de-coluna.mp4"
"pausa-sem-tela","Pausa sem tela","90","8","0","","/videos/frames/pausa-sem-tela/pausa-sem-tela-01.jpg|/videos/frames/pausa-sem-tela/pausa-sem-tela-02.jpg|/videos/frames/pausa-sem-tela/pausa-sem-tela-03.jpg|/videos/frames/pausa-sem-tela/pausa-sem-tela-04.jpg|/videos/frames/pausa-sem-tela/pausa-sem-tela-05.jpg|/videos/frames/pausa-sem-tela/pausa-sem-tela-06.jpg|/videos/frames/pausa-sem-tela/pausa-sem-tela-07.jpg|/videos/frames/pausa-sem-tela/pausa-sem-tela-08.jpg","/videos/pausa-sem-tela.mp4"
"reset-postural","Reset postural","150","8","0","","/videos/frames/reset-postural/reset-postural-01.jpg|/videos/frames/reset-postural/reset-postural-02.jpg|/videos/frames/reset-postural/reset-postural-03.jpg|/videos/frames/reset-postural/reset-postural-04.jpg|/videos/frames/reset-postural/reset-postural-05.jpg|/videos/frames/reset-postural/reset-postural-06.jpg|/videos/frames/reset-postural/reset-postural-07.jpg|/videos/frames/reset-postural/reset-postural-08.jpg","/videos/reset-postural.mp4"
"yoga-bolso-coluna-leve","Yoga de bolso: coluna leve","240","12","0","","/videos/frames/yoga-bolso-coluna-leve/yoga-bolso-coluna-leve-01.jpg|/videos/frames/yoga-bolso-coluna-leve/yoga-bolso-coluna-leve-02.jpg|/videos/frames/yoga-bolso-coluna-leve/yoga-bolso-coluna-leve-03.jpg|/videos/frames/yoga-bolso-coluna-leve/yoga-bolso-coluna-leve-04.jpg|/videos/frames/yoga-bolso-coluna-leve/yoga-bolso-coluna-leve-05.jpg|/videos/frames/yoga-bolso-coluna-leve/yoga-bolso-coluna-leve-06.jpg|/videos/frames/yoga-bolso-coluna-leve/yoga-bolso-coluna-leve-07.jpg|/videos/frames/yoga-bolso-coluna-leve/yoga-bolso-coluna-leve-08.jpg|/videos/frames/yoga-bolso-coluna-leve/yoga-bolso-coluna-leve-09.jpg|/videos/frames/yoga-bolso-coluna-leve/yoga-bolso-coluna-leve-10.jpg|/videos/frames/yoga-bolso-coluna-leve/yoga-bolso-coluna-leve-11.jpg|/videos/frames/yoga-bolso-coluna-leve/yoga-bolso-coluna-leve-12.jpg","/videos/yoga-bolso-coluna-leve.mp4"
"missao-alongamento-leve","Alongamento leve","180","8","0","","/videos/frames/missao-alongamento-leve/missao-alongamento-leve-01.jpg|/videos/frames/missao-alongamento-leve/missao-alongamento-leve-02.jpg|/videos/frames/missao-alongamento-leve/missao-alongamento-leve-03.jpg|/videos/frames/missao-alongamento-leve/missao-alongamento-leve-04.jpg|/videos/frames/missao-alongamento-leve/missao-alongamento-leve-05.jpg|/videos/frames/missao-alongamento-leve/missao-alongamento-leve-06.jpg|/videos/frames/missao-alongamento-leve/missao-alongamento-leve-07.jpg|/videos/frames/missao-alongamento-leve/missao-alongamento-leve-08.jpg","/videos/missao-alongamento-leve.mp4"
"missao-caminhada-consciente","Caminhada consciente","180","8","0","","/videos/frames/missao-caminhada-consciente/missao-caminhada-consciente-01.jpg|/videos/frames/missao-caminhada-consciente/missao-caminhada-consciente-02.jpg|/videos/frames/missao-caminhada-consciente/missao-caminhada-consciente-03.jpg|/videos/frames/missao-caminhada-consciente/missao-caminhada-consciente-04.jpg|/videos/frames/missao-caminhada-consciente/missao-caminhada-consciente-05.jpg|/videos/frames/missao-caminhada-consciente/missao-caminhada-consciente-06.jpg|/videos/frames/missao-caminhada-consciente/missao-caminhada-consciente-07.jpg|/videos/frames/missao-caminhada-consciente/missao-caminhada-consciente-08.jpg","/videos/missao-caminhada-consciente.mp4"
"missao-pausa-sem-tela","Pausa sem tela","90","6","0","","/videos/frames/missao-pausa-sem-tela/missao-pausa-sem-tela-01.jpg|/videos/frames/missao-pausa-sem-tela/missao-pausa-sem-tela-02.jpg|/videos/frames/missao-pausa-sem-tela/missao-pausa-sem-tela-03.jpg|/videos/frames/missao-pausa-sem-tela/missao-pausa-sem-tela-04.jpg|/videos/frames/missao-pausa-sem-tela/missao-pausa-sem-tela-05.jpg|/videos/frames/missao-pausa-sem-tela/missao-pausa-sem-tela-06.jpg","/videos/missao-pausa-sem-tela.mp4"
"missao-respiracao-4-4-6","Respiracao 4-4-6","240","8","0","","/videos/frames/missao-respiracao-4-4-6/missao-respiracao-4-4-6-01.jpg|/videos/frames/missao-respiracao-4-4-6/missao-respiracao-4-4-6-02.jpg|/videos/frames/missao-respiracao-4-4-6/missao-respiracao-4-4-6-03.jpg|/videos/frames/missao-respiracao-4-4-6/missao-respiracao-4-4-6-04.jpg|/videos/frames/missao-respiracao-4-4-6/missao-respiracao-4-4-6-05.jpg|/videos/frames/missao-respiracao-4-4-6/missao-respiracao-4-4-6-06.jpg|/videos/frames/missao-respiracao-4-4-6/missao-respiracao-4-4-6-07.jpg|/videos/frames/missao-respiracao-4-4-6/missao-respiracao-4-4-6-08.jpg","/videos/missao-respiracao-4-4-6.mp4"
"missao-yoga-de-bolso-coluna-leve","Yoga de bolso: coluna leve","240","8","0","","/videos/frames/missao-yoga-de-bolso-coluna-leve/missao-yoga-de-bolso-coluna-leve-01.jpg|/videos/frames/missao-yoga-de-bolso-coluna-leve/missao-yoga-de-bolso-coluna-leve-02.jpg|/videos/frames/missao-yoga-de-bolso-coluna-leve/missao-yoga-de-bolso-coluna-leve-03.jpg|/videos/frames/missao-yoga-de-bolso-coluna-leve/missao-yoga-de-bolso-coluna-leve-04.jpg|/videos/frames/missao-yoga-de-bolso-coluna-leve/missao-yoga-de-bolso-coluna-leve-05.jpg|/videos/frames/missao-yoga-de-bolso-coluna-leve/missao-yoga-de-bolso-coluna-leve-06.jpg|/videos/frames/missao-yoga-de-bolso-coluna-leve/missao-yoga-de-bolso-coluna-leve-07.jpg|/videos/frames/missao-yoga-de-bolso-coluna-leve/missao-yoga-de-bolso-coluna-leve-08.jpg","/videos/missao-yoga-de-bolso-coluna-leve.mp4"
"agachamento-leve-guiado","Agachamento leve guiado","150","12","0","","/videos/frames/agachamento-leve-guiado/agachamento-leve-guiado-01.jpg|/videos/frames/agachamento-leve-guiado/agachamento-leve-guiado-02.jpg|/videos/frames/agachamento-leve-guiado/agachamento-leve-guiado-03.jpg|/videos/frames/agachamento-leve-guiado/agachamento-leve-guiado-04.jpg|/videos/frames/agachamento-leve-guiado/agachamento-leve-guiado-05.jpg|/videos/frames/agachamento-leve-guiado/agachamento-leve-guiado-06.jpg|/videos/frames/agachamento-leve-guiado/agachamento-leve-guiado-07.jpg|/videos/frames/agachamento-leve-guiado/agachamento-leve-guiado-08.jpg|/videos/frames/agachamento-leve-guiado/agachamento-leve-guiado-09.jpg|/videos/frames/agachamento-leve-guiado/agachamento-leve-guiado-10.jpg|/videos/frames/agachamento-leve-guiado/agachamento-leve-guiado-11.jpg|/videos/frames/agachamento-leve-guiado/agachamento-leve-guiado-12.jpg","/videos/agachamento-leve-guiado.mp4"
"ativacao-leve-3-minutos","Ativacao leve de 3 minutos","150","8","0","","/videos/frames/ativacao-leve-3-minutos/ativacao-leve-3-minutos-01.jpg|/videos/frames/ativacao-leve-3-minutos/ativacao-leve-3-minutos-02.jpg|/videos/frames/ativacao-leve-3-minutos/ativacao-leve-3-minutos-03.jpg|/videos/frames/ativacao-leve-3-minutos/ativacao-leve-3-minutos-04.jpg|/videos/frames/ativacao-leve-3-minutos/ativacao-leve-3-minutos-05.jpg|/videos/frames/ativacao-leve-3-minutos/ativacao-leve-3-minutos-06.jpg|/videos/frames/ativacao-leve-3-minutos/ativacao-leve-3-minutos-07.jpg|/videos/frames/ativacao-leve-3-minutos/ativacao-leve-3-minutos-08.jpg","/videos/ativacao-leve-3-minutos.mp4"
"caminhada-consciente-curta","Caminhada consciente curta","150","12","0","","/videos/frames/caminhada-consciente-curta/caminhada-consciente-curta-01.jpg|/videos/frames/caminhada-consciente-curta/caminhada-consciente-curta-02.jpg|/videos/frames/caminhada-consciente-curta/caminhada-consciente-curta-03.jpg|/videos/frames/caminhada-consciente-curta/caminhada-consciente-curta-04.jpg|/videos/frames/caminhada-consciente-curta/caminhada-consciente-curta-05.jpg|/videos/frames/caminhada-consciente-curta/caminhada-consciente-curta-06.jpg|/videos/frames/caminhada-consciente-curta/caminhada-consciente-curta-07.jpg|/videos/frames/caminhada-consciente-curta/caminhada-consciente-curta-08.jpg|/videos/frames/caminhada-consciente-curta/caminhada-consciente-curta-09.jpg|/videos/frames/caminhada-consciente-curta/caminhada-consciente-curta-10.jpg|/videos/frames/caminhada-consciente-curta/caminhada-consciente-curta-11.jpg|/videos/frames/caminhada-consciente-curta/caminhada-consciente-curta-12.jpg","/videos/caminhada-consciente-curta.mp4"
"celular-longe-da-cama","Celular longe da cama","60","8","0","","/videos/frames/celular-longe-da-cama/celular-longe-da-cama-01.jpg|/videos/frames/celular-longe-da-cama/celular-longe-da-cama-02.jpg|/videos/frames/celular-longe-da-cama/celular-longe-da-cama-03.jpg|/videos/frames/celular-longe-da-cama/celular-longe-da-cama-04.jpg|/videos/frames/celular-longe-da-cama/celular-longe-da-cama-05.jpg|/videos/frames/celular-longe-da-cama/celular-longe-da-cama-06.jpg|/videos/frames/celular-longe-da-cama/celular-longe-da-cama-07.jpg|/videos/frames/celular-longe-da-cama/celular-longe-da-cama-08.jpg","/videos/celular-longe-da-cama.mp4"
"funcional-em-casa-iniciante","Funcional em casa iniciante","150","12","0","","/videos/frames/funcional-em-casa-iniciante/funcional-em-casa-iniciante-01.jpg|/videos/frames/funcional-em-casa-iniciante/funcional-em-casa-iniciante-02.jpg|/videos/frames/funcional-em-casa-iniciante/funcional-em-casa-iniciante-03.jpg|/videos/frames/funcional-em-casa-iniciante/funcional-em-casa-iniciante-04.jpg|/videos/frames/funcional-em-casa-iniciante/funcional-em-casa-iniciante-05.jpg|/videos/frames/funcional-em-casa-iniciante/funcional-em-casa-iniciante-06.jpg|/videos/frames/funcional-em-casa-iniciante/funcional-em-casa-iniciante-07.jpg|/videos/frames/funcional-em-casa-iniciante/funcional-em-casa-iniciante-08.jpg|/videos/frames/funcional-em-casa-iniciante/funcional-em-casa-iniciante-09.jpg|/videos/frames/funcional-em-casa-iniciante/funcional-em-casa-iniciante-10.jpg|/videos/frames/funcional-em-casa-iniciante/funcional-em-casa-iniciante-11.jpg|/videos/frames/funcional-em-casa-iniciante/funcional-em-casa-iniciante-12.jpg","/videos/funcional-em-casa-iniciante.mp4"
"jumping-baixo-impacto","Jumping baixo impacto","150","12","0","","/videos/frames/jumping-baixo-impacto/jumping-baixo-impacto-01.jpg|/videos/frames/jumping-baixo-impacto/jumping-baixo-impacto-02.jpg|/videos/frames/jumping-baixo-impacto/jumping-baixo-impacto-03.jpg|/videos/frames/jumping-baixo-impacto/jumping-baixo-impacto-04.jpg|/videos/frames/jumping-baixo-impacto/jumping-baixo-impacto-05.jpg|/videos/frames/jumping-baixo-impacto/jumping-baixo-impacto-06.jpg|/videos/frames/jumping-baixo-impacto/jumping-baixo-impacto-07.jpg|/videos/frames/jumping-baixo-impacto/jumping-baixo-impacto-08.jpg|/videos/frames/jumping-baixo-impacto/jumping-baixo-impacto-09.jpg|/videos/frames/jumping-baixo-impacto/jumping-baixo-impacto-10.jpg|/videos/frames/jumping-baixo-impacto/jumping-baixo-impacto-11.jpg|/videos/frames/jumping-baixo-impacto/jumping-baixo-impacto-12.jpg","/videos/jumping-baixo-impacto.mp4"
"levantar-e-respirar","Levantar e respirar","150","8","0","","/videos/frames/levantar-e-respirar/levantar-e-respirar-01.jpg|/videos/frames/levantar-e-respirar/levantar-e-respirar-02.jpg|/videos/frames/levantar-e-respirar/levantar-e-respirar-03.jpg|/videos/frames/levantar-e-respirar/levantar-e-respirar-04.jpg|/videos/frames/levantar-e-respirar/levantar-e-respirar-05.jpg|/videos/frames/levantar-e-respirar/levantar-e-respirar-06.jpg|/videos/frames/levantar-e-respirar/levantar-e-respirar-07.jpg|/videos/frames/levantar-e-respirar/levantar-e-respirar-08.jpg","/videos/levantar-e-respirar.mp4"
"luta-sombra-leve","Luta sombra leve","150","12","0","","/videos/frames/luta-sombra-leve/luta-sombra-leve-01.jpg|/videos/frames/luta-sombra-leve/luta-sombra-leve-02.jpg|/videos/frames/luta-sombra-leve/luta-sombra-leve-03.jpg|/videos/frames/luta-sombra-leve/luta-sombra-leve-04.jpg|/videos/frames/luta-sombra-leve/luta-sombra-leve-05.jpg|/videos/frames/luta-sombra-leve/luta-sombra-leve-06.jpg|/videos/frames/luta-sombra-leve/luta-sombra-leve-07.jpg|/videos/frames/luta-sombra-leve/luta-sombra-leve-08.jpg|/videos/frames/luta-sombra-leve/luta-sombra-leve-09.jpg|/videos/frames/luta-sombra-leve/luta-sombra-leve-10.jpg|/videos/frames/luta-sombra-leve/luta-sombra-leve-11.jpg|/videos/frames/luta-sombra-leve/luta-sombra-leve-12.jpg","/videos/luta-sombra-leve.mp4"
"marcha-leve-parada","Marcha leve parada","150","12","0","","/videos/frames/marcha-leve-parada/marcha-leve-parada-01.jpg|/videos/frames/marcha-leve-parada/marcha-leve-parada-02.jpg|/videos/frames/marcha-leve-parada/marcha-leve-parada-03.jpg|/videos/frames/marcha-leve-parada/marcha-leve-parada-04.jpg|/videos/frames/marcha-leve-parada/marcha-leve-parada-05.jpg|/videos/frames/marcha-leve-parada/marcha-leve-parada-06.jpg|/videos/frames/marcha-leve-parada/marcha-leve-parada-07.jpg|/videos/frames/marcha-leve-parada/marcha-leve-parada-08.jpg|/videos/frames/marcha-leve-parada/marcha-leve-parada-09.jpg|/videos/frames/marcha-leve-parada/marcha-leve-parada-10.jpg|/videos/frames/marcha-leve-parada/marcha-leve-parada-11.jpg|/videos/frames/marcha-leve-parada/marcha-leve-parada-12.jpg","/videos/marcha-leve-parada.mp4"
"mobilidade-pescoco-ombros","Mobilidade de pescoco e ombros","150","8","0","","/videos/frames/mobilidade-pescoco-ombros/mobilidade-pescoco-ombros-01.jpg|/videos/frames/mobilidade-pescoco-ombros/mobilidade-pescoco-ombros-02.jpg|/videos/frames/mobilidade-pescoco-ombros/mobilidade-pescoco-ombros-03.jpg|/videos/frames/mobilidade-pescoco-ombros/mobilidade-pescoco-ombros-04.jpg|/videos/frames/mobilidade-pescoco-ombros/mobilidade-pescoco-ombros-05.jpg|/videos/frames/mobilidade-pescoco-ombros/mobilidade-pescoco-ombros-06.jpg|/videos/frames/mobilidade-pescoco-ombros/mobilidade-pescoco-ombros-07.jpg|/videos/frames/mobilidade-pescoco-ombros/mobilidade-pescoco-ombros-08.jpg","/videos/mobilidade-pescoco-ombros.mp4"
"mobilidade-rapida-coluna","Mobilidade rapida para coluna","150","8","0","","/videos/frames/mobilidade-rapida-coluna/mobilidade-rapida-coluna-01.jpg|/videos/frames/mobilidade-rapida-coluna/mobilidade-rapida-coluna-02.jpg|/videos/frames/mobilidade-rapida-coluna/mobilidade-rapida-coluna-03.jpg|/videos/frames/mobilidade-rapida-coluna/mobilidade-rapida-coluna-04.jpg|/videos/frames/mobilidade-rapida-coluna/mobilidade-rapida-coluna-05.jpg|/videos/frames/mobilidade-rapida-coluna/mobilidade-rapida-coluna-06.jpg|/videos/frames/mobilidade-rapida-coluna/mobilidade-rapida-coluna-07.jpg|/videos/frames/mobilidade-rapida-coluna/mobilidade-rapida-coluna-08.jpg","/videos/mobilidade-rapida-coluna.mp4"
"pausa-consciente-trabalho","Pausa consciente no trabalho","90","8","0","","/videos/frames/pausa-consciente-trabalho/pausa-consciente-trabalho-01.jpg|/videos/frames/pausa-consciente-trabalho/pausa-consciente-trabalho-02.jpg|/videos/frames/pausa-consciente-trabalho/pausa-consciente-trabalho-03.jpg|/videos/frames/pausa-consciente-trabalho/pausa-consciente-trabalho-04.jpg|/videos/frames/pausa-consciente-trabalho/pausa-consciente-trabalho-05.jpg|/videos/frames/pausa-consciente-trabalho/pausa-consciente-trabalho-06.jpg|/videos/frames/pausa-consciente-trabalho/pausa-consciente-trabalho-07.jpg|/videos/frames/pausa-consciente-trabalho/pausa-consciente-trabalho-08.jpg","/videos/pausa-consciente-trabalho.mp4"
"pausa-de-energia","Pausa de energia","150","8","0","","/videos/frames/pausa-de-energia/pausa-de-energia-01.jpg|/videos/frames/pausa-de-energia/pausa-de-energia-02.jpg|/videos/frames/pausa-de-energia/pausa-de-energia-03.jpg|/videos/frames/pausa-de-energia/pausa-de-energia-04.jpg|/videos/frames/pausa-de-energia/pausa-de-energia-05.jpg|/videos/frames/pausa-de-energia/pausa-de-energia-06.jpg|/videos/frames/pausa-de-energia/pausa-de-energia-07.jpg|/videos/frames/pausa-de-energia/pausa-de-energia-08.jpg","/videos/pausa-de-energia.mp4"
"pausa-foco-sem-impacto","Pausa de foco sem impacto","90","8","0","","/videos/frames/pausa-foco-sem-impacto/pausa-foco-sem-impacto-01.jpg|/videos/frames/pausa-foco-sem-impacto/pausa-foco-sem-impacto-02.jpg|/videos/frames/pausa-foco-sem-impacto/pausa-foco-sem-impacto-03.jpg|/videos/frames/pausa-foco-sem-impacto/pausa-foco-sem-impacto-04.jpg|/videos/frames/pausa-foco-sem-impacto/pausa-foco-sem-impacto-05.jpg|/videos/frames/pausa-foco-sem-impacto/pausa-foco-sem-impacto-06.jpg|/videos/frames/pausa-foco-sem-impacto/pausa-foco-sem-impacto-07.jpg|/videos/frames/pausa-foco-sem-impacto/pausa-foco-sem-impacto-08.jpg","/videos/pausa-foco-sem-impacto.mp4"
"pular-corda-iniciante","Pular corda iniciante","150","12","0","","/videos/frames/pular-corda-iniciante/pular-corda-iniciante-01.jpg|/videos/frames/pular-corda-iniciante/pular-corda-iniciante-02.jpg|/videos/frames/pular-corda-iniciante/pular-corda-iniciante-03.jpg|/videos/frames/pular-corda-iniciante/pular-corda-iniciante-04.jpg|/videos/frames/pular-corda-iniciante/pular-corda-iniciante-05.jpg|/videos/frames/pular-corda-iniciante/pular-corda-iniciante-06.jpg|/videos/frames/pular-corda-iniciante/pular-corda-iniciante-07.jpg|/videos/frames/pular-corda-iniciante/pular-corda-iniciante-08.jpg|/videos/frames/pular-corda-iniciante/pular-corda-iniciante-09.jpg|/videos/frames/pular-corda-iniciante/pular-corda-iniciante-10.jpg|/videos/frames/pular-corda-iniciante/pular-corda-iniciante-11.jpg|/videos/frames/pular-corda-iniciante/pular-corda-iniciante-12.jpg","/videos/pular-corda-iniciante.mp4"
"reset-corporal-trabalho","Reset corporal no trabalho","90","8","0","","/videos/frames/reset-corporal-trabalho/reset-corporal-trabalho-01.jpg|/videos/frames/reset-corporal-trabalho/reset-corporal-trabalho-02.jpg|/videos/frames/reset-corporal-trabalho/reset-corporal-trabalho-03.jpg|/videos/frames/reset-corporal-trabalho/reset-corporal-trabalho-04.jpg|/videos/frames/reset-corporal-trabalho/reset-corporal-trabalho-05.jpg|/videos/frames/reset-corporal-trabalho/reset-corporal-trabalho-06.jpg|/videos/frames/reset-corporal-trabalho/reset-corporal-trabalho-07.jpg|/videos/frames/reset-corporal-trabalho/reset-corporal-trabalho-08.jpg","/videos/reset-corporal-trabalho.mp4"
"reset-de-foco","Reset de foco","90","8","0","","/videos/frames/reset-de-foco/reset-de-foco-01.jpg|/videos/frames/reset-de-foco/reset-de-foco-02.jpg|/videos/frames/reset-de-foco/reset-de-foco-03.jpg|/videos/frames/reset-de-foco/reset-de-foco-04.jpg|/videos/frames/reset-de-foco/reset-de-foco-05.jpg|/videos/frames/reset-de-foco/reset-de-foco-06.jpg|/videos/frames/reset-de-foco/reset-de-foco-07.jpg|/videos/frames/reset-de-foco/reset-de-foco-08.jpg","/videos/reset-de-foco.mp4"
"respiracao-mobilidade","Respiracao + mobilidade","150","8","0","","/videos/frames/respiracao-mobilidade/respiracao-mobilidade-01.jpg|/videos/frames/respiracao-mobilidade/respiracao-mobilidade-02.jpg|/videos/frames/respiracao-mobilidade/respiracao-mobilidade-03.jpg|/videos/frames/respiracao-mobilidade/respiracao-mobilidade-04.jpg|/videos/frames/respiracao-mobilidade/respiracao-mobilidade-05.jpg|/videos/frames/respiracao-mobilidade/respiracao-mobilidade-06.jpg|/videos/frames/respiracao-mobilidade/respiracao-mobilidade-07.jpg|/videos/frames/respiracao-mobilidade/respiracao-mobilidade-08.jpg","/videos/respiracao-mobilidade.mp4"
"uma-tarefa-apenas","Uma tarefa apenas","120","8","0","","/videos/frames/uma-tarefa-apenas/uma-tarefa-apenas-01.jpg|/videos/frames/uma-tarefa-apenas/uma-tarefa-apenas-02.jpg|/videos/frames/uma-tarefa-apenas/uma-tarefa-apenas-03.jpg|/videos/frames/uma-tarefa-apenas/uma-tarefa-apenas-04.jpg|/videos/frames/uma-tarefa-apenas/uma-tarefa-apenas-05.jpg|/videos/frames/uma-tarefa-apenas/uma-tarefa-apenas-06.jpg|/videos/frames/uma-tarefa-apenas/uma-tarefa-apenas-07.jpg|/videos/frames/uma-tarefa-apenas/uma-tarefa-apenas-08.jpg","/videos/uma-tarefa-apenas.mp4"
"yoga-bolso-pausa-no-chao","Yoga de bolso: pausa no chao","240","12","0","","/videos/frames/yoga-bolso-pausa-no-chao/yoga-bolso-pausa-no-chao-01.jpg|/videos/frames/yoga-bolso-pausa-no-chao/yoga-bolso-pausa-no-chao-02.jpg|/videos/frames/yoga-bolso-pausa-no-chao/yoga-bolso-pausa-no-chao-03.jpg|/videos/frames/yoga-bolso-pausa-no-chao/yoga-bolso-pausa-no-chao-04.jpg|/videos/frames/yoga-bolso-pausa-no-chao/yoga-bolso-pausa-no-chao-05.jpg|/videos/frames/yoga-bolso-pausa-no-chao/yoga-bolso-pausa-no-chao-06.jpg|/videos/frames/yoga-bolso-pausa-no-chao/yoga-bolso-pausa-no-chao-07.jpg|/videos/frames/yoga-bolso-pausa-no-chao/yoga-bolso-pausa-no-chao-08.jpg|/videos/frames/yoga-bolso-pausa-no-chao/yoga-bolso-pausa-no-chao-09.jpg|/videos/frames/yoga-bolso-pausa-no-chao/yoga-bolso-pausa-no-chao-10.jpg|/videos/frames/yoga-bolso-pausa-no-chao/yoga-bolso-pausa-no-chao-11.jpg|/videos/frames/yoga-bolso-pausa-no-chao/yoga-bolso-pausa-no-chao-12.jpg","/videos/yoga-bolso-pausa-no-chao.mp4"
"yoga-energia-leve","Yoga de energia leve","240","12","0","","/videos/frames/yoga-energia-leve/yoga-energia-leve-01.jpg|/videos/frames/yoga-energia-leve/yoga-energia-leve-02.jpg|/videos/frames/yoga-energia-leve/yoga-energia-leve-03.jpg|/videos/frames/yoga-energia-leve/yoga-energia-leve-04.jpg|/videos/frames/yoga-energia-leve/yoga-energia-leve-05.jpg|/videos/frames/yoga-energia-leve/yoga-energia-leve-06.jpg|/videos/frames/yoga-energia-leve/yoga-energia-leve-07.jpg|/videos/frames/yoga-energia-leve/yoga-energia-leve-08.jpg|/videos/frames/yoga-energia-leve/yoga-energia-leve-09.jpg|/videos/frames/yoga-energia-leve/yoga-energia-leve-10.jpg|/videos/frames/yoga-energia-leve/yoga-energia-leve-11.jpg|/videos/frames/yoga-energia-leve/yoga-energia-leve-12.jpg","/videos/yoga-energia-leve.mp4"
"yoga-leve","Yoga leve","240","12","0","","/videos/frames/yoga-leve/yoga-leve-01.jpg|/videos/frames/yoga-leve/yoga-leve-02.jpg|/videos/frames/yoga-leve/yoga-leve-03.jpg|/videos/frames/yoga-leve/yoga-leve-04.jpg|/videos/frames/yoga-leve/yoga-leve-05.jpg|/videos/frames/yoga-leve/yoga-leve-06.jpg|/videos/frames/yoga-leve/yoga-leve-07.jpg|/videos/frames/yoga-leve/yoga-leve-08.jpg|/videos/frames/yoga-leve/yoga-leve-09.jpg|/videos/frames/yoga-leve/yoga-leve-10.jpg|/videos/frames/yoga-leve/yoga-leve-11.jpg|/videos/frames/yoga-leve/yoga-leve-12.jpg","/videos/yoga-leve.mp4"
"noventa-noventa","90/90 de quadril","75","8","0","","/videos/frames/noventa-noventa/noventa-noventa-01.jpg|/videos/frames/noventa-noventa/noventa-noventa-02.jpg|/videos/frames/noventa-noventa/noventa-noventa-03.jpg|/videos/frames/noventa-noventa/noventa-noventa-04.jpg|/videos/frames/noventa-noventa/noventa-noventa-05.jpg|/videos/frames/noventa-noventa/noventa-noventa-06.jpg|/videos/frames/noventa-noventa/noventa-noventa-07.jpg|/videos/frames/noventa-noventa/noventa-noventa-08.jpg","/videos/noventa-noventa.mp4"
"abertura-peito-porta","Abertura de peito na porta","75","8","0","","/videos/frames/abertura-peito-porta/abertura-peito-porta-01.jpg|/videos/frames/abertura-peito-porta/abertura-peito-porta-02.jpg|/videos/frames/abertura-peito-porta/abertura-peito-porta-03.jpg|/videos/frames/abertura-peito-porta/abertura-peito-porta-04.jpg|/videos/frames/abertura-peito-porta/abertura-peito-porta-05.jpg|/videos/frames/abertura-peito-porta/abertura-peito-porta-06.jpg|/videos/frames/abertura-peito-porta/abertura-peito-porta-07.jpg|/videos/frames/abertura-peito-porta/abertura-peito-porta-08.jpg","/videos/abertura-peito-porta.mp4"
"abertura-quadril-sentado","Abertura de quadril sentado","75","8","0","","/videos/frames/abertura-quadril-sentado/abertura-quadril-sentado-01.jpg|/videos/frames/abertura-quadril-sentado/abertura-quadril-sentado-02.jpg|/videos/frames/abertura-quadril-sentado/abertura-quadril-sentado-03.jpg|/videos/frames/abertura-quadril-sentado/abertura-quadril-sentado-04.jpg|/videos/frames/abertura-quadril-sentado/abertura-quadril-sentado-05.jpg|/videos/frames/abertura-quadril-sentado/abertura-quadril-sentado-06.jpg|/videos/frames/abertura-quadril-sentado/abertura-quadril-sentado-07.jpg|/videos/frames/abertura-quadril-sentado/abertura-quadril-sentado-08.jpg","/videos/abertura-quadril-sentado.mp4"
"abertura-dedos","Abertura dos dedos","75","8","0","","/videos/frames/abertura-dedos/abertura-dedos-01.jpg|/videos/frames/abertura-dedos/abertura-dedos-02.jpg|/videos/frames/abertura-dedos/abertura-dedos-03.jpg|/videos/frames/abertura-dedos/abertura-dedos-04.jpg|/videos/frames/abertura-dedos/abertura-dedos-05.jpg|/videos/frames/abertura-dedos/abertura-dedos-06.jpg|/videos/frames/abertura-dedos/abertura-dedos-07.jpg|/videos/frames/abertura-dedos/abertura-dedos-08.jpg","/videos/abertura-dedos.mp4"
"abertura-dedos-pe","Abertura dos dedos do pe","75","8","0","","/videos/frames/abertura-dedos-pe/abertura-dedos-pe-01.jpg|/videos/frames/abertura-dedos-pe/abertura-dedos-pe-02.jpg|/videos/frames/abertura-dedos-pe/abertura-dedos-pe-03.jpg|/videos/frames/abertura-dedos-pe/abertura-dedos-pe-04.jpg|/videos/frames/abertura-dedos-pe/abertura-dedos-pe-05.jpg|/videos/frames/abertura-dedos-pe/abertura-dedos-pe-06.jpg|/videos/frames/abertura-dedos-pe/abertura-dedos-pe-07.jpg|/videos/frames/abertura-dedos-pe/abertura-dedos-pe-08.jpg","/videos/abertura-dedos-pe.mp4"
"abraco-escapulas","Abraco das escapulas","75","8","0","","/videos/frames/abraco-escapulas/abraco-escapulas-01.jpg|/videos/frames/abraco-escapulas/abraco-escapulas-02.jpg|/videos/frames/abraco-escapulas/abraco-escapulas-03.jpg|/videos/frames/abraco-escapulas/abraco-escapulas-04.jpg|/videos/frames/abraco-escapulas/abraco-escapulas-05.jpg|/videos/frames/abraco-escapulas/abraco-escapulas-06.jpg|/videos/frames/abraco-escapulas/abraco-escapulas-07.jpg|/videos/frames/abraco-escapulas/abraco-escapulas-08.jpg","/videos/abraco-escapulas.mp4"
"alcance-lateral-toracico","Alcance lateral toracico","75","8","0","","/videos/frames/alcance-lateral-toracico/alcance-lateral-toracico-01.jpg|/videos/frames/alcance-lateral-toracico/alcance-lateral-toracico-02.jpg|/videos/frames/alcance-lateral-toracico/alcance-lateral-toracico-03.jpg|/videos/frames/alcance-lateral-toracico/alcance-lateral-toracico-04.jpg|/videos/frames/alcance-lateral-toracico/alcance-lateral-toracico-05.jpg|/videos/frames/alcance-lateral-toracico/alcance-lateral-toracico-06.jpg|/videos/frames/alcance-lateral-toracico/alcance-lateral-toracico-07.jpg|/videos/frames/alcance-lateral-toracico/alcance-lateral-toracico-08.jpg","/videos/alcance-lateral-toracico.mp4"
"alfabeto-tornozelo","Alfabeto com tornozelo","75","8","0","","/videos/frames/alfabeto-tornozelo/alfabeto-tornozelo-01.jpg|/videos/frames/alfabeto-tornozelo/alfabeto-tornozelo-02.jpg|/videos/frames/alfabeto-tornozelo/alfabeto-tornozelo-03.jpg|/videos/frames/alfabeto-tornozelo/alfabeto-tornozelo-04.jpg|/videos/frames/alfabeto-tornozelo/alfabeto-tornozelo-05.jpg|/videos/frames/alfabeto-tornozelo/alfabeto-tornozelo-06.jpg|/videos/frames/alfabeto-tornozelo/alfabeto-tornozelo-07.jpg|/videos/frames/alfabeto-tornozelo/alfabeto-tornozelo-08.jpg","/videos/alfabeto-tornozelo.mp4"
"alongamento-frente-tornozelo","Alongamento da frente do tornozelo","75","8","0","","/videos/frames/alongamento-frente-tornozelo/alongamento-frente-tornozelo-01.jpg|/videos/frames/alongamento-frente-tornozelo/alongamento-frente-tornozelo-02.jpg|/videos/frames/alongamento-frente-tornozelo/alongamento-frente-tornozelo-03.jpg|/videos/frames/alongamento-frente-tornozelo/alongamento-frente-tornozelo-04.jpg|/videos/frames/alongamento-frente-tornozelo/alongamento-frente-tornozelo-05.jpg|/videos/frames/alongamento-frente-tornozelo/alongamento-frente-tornozelo-06.jpg|/videos/frames/alongamento-frente-tornozelo/alongamento-frente-tornozelo-07.jpg|/videos/frames/alongamento-frente-tornozelo/alongamento-frente-tornozelo-08.jpg","/videos/alongamento-frente-tornozelo.mp4"
"alongamento-biceps-parede","Alongamento de biceps na parede","75","8","0","","/videos/frames/alongamento-biceps-parede/alongamento-biceps-parede-01.jpg|/videos/frames/alongamento-biceps-parede/alongamento-biceps-parede-02.jpg|/videos/frames/alongamento-biceps-parede/alongamento-biceps-parede-03.jpg|/videos/frames/alongamento-biceps-parede/alongamento-biceps-parede-04.jpg|/videos/frames/alongamento-biceps-parede/alongamento-biceps-parede-05.jpg|/videos/frames/alongamento-biceps-parede/alongamento-biceps-parede-06.jpg|/videos/frames/alongamento-biceps-parede/alongamento-biceps-parede-07.jpg|/videos/frames/alongamento-biceps-parede/alongamento-biceps-parede-08.jpg","/videos/alongamento-biceps-parede.mp4"
"alongamento-de-pernas","Alongamento de pernas","75","8","0","","/videos/frames/alongamento-de-pernas/alongamento-de-pernas-01.jpg|/videos/frames/alongamento-de-pernas/alongamento-de-pernas-02.jpg|/videos/frames/alongamento-de-pernas/alongamento-de-pernas-03.jpg|/videos/frames/alongamento-de-pernas/alongamento-de-pernas-04.jpg|/videos/frames/alongamento-de-pernas/alongamento-de-pernas-05.jpg|/videos/frames/alongamento-de-pernas/alongamento-de-pernas-06.jpg|/videos/frames/alongamento-de-pernas/alongamento-de-pernas-07.jpg|/videos/frames/alongamento-de-pernas/alongamento-de-pernas-08.jpg","/videos/alongamento-de-pernas.mp4"
"alongamento-braquiorradial","Alongamento do braquiorradial","75","8","0","","/videos/frames/alongamento-braquiorradial/alongamento-braquiorradial-01.jpg|/videos/frames/alongamento-braquiorradial/alongamento-braquiorradial-02.jpg|/videos/frames/alongamento-braquiorradial/alongamento-braquiorradial-03.jpg|/videos/frames/alongamento-braquiorradial/alongamento-braquiorradial-04.jpg|/videos/frames/alongamento-braquiorradial/alongamento-braquiorradial-05.jpg|/videos/frames/alongamento-braquiorradial/alongamento-braquiorradial-06.jpg|/videos/frames/alongamento-braquiorradial/alongamento-braquiorradial-07.jpg|/videos/frames/alongamento-braquiorradial/alongamento-braquiorradial-08.jpg","/videos/alongamento-braquiorradial.mp4"
"elevador-escapula","Alongamento do elevador da escapula","75","8","0","","/videos/frames/elevador-escapula/elevador-escapula-01.jpg|/videos/frames/elevador-escapula/elevador-escapula-02.jpg|/videos/frames/elevador-escapula/elevador-escapula-03.jpg|/videos/frames/elevador-escapula/elevador-escapula-04.jpg|/videos/frames/elevador-escapula/elevador-escapula-05.jpg|/videos/frames/elevador-escapula/elevador-escapula-06.jpg|/videos/frames/elevador-escapula/elevador-escapula-07.jpg|/videos/frames/elevador-escapula/elevador-escapula-08.jpg","/videos/elevador-escapula.mp4"
"alongamento-polegar","Alongamento do polegar","75","8","0","","/videos/frames/alongamento-polegar/alongamento-polegar-01.jpg|/videos/frames/alongamento-polegar/alongamento-polegar-02.jpg|/videos/frames/alongamento-polegar/alongamento-polegar-03.jpg|/videos/frames/alongamento-polegar/alongamento-polegar-04.jpg|/videos/frames/alongamento-polegar/alongamento-polegar-05.jpg|/videos/frames/alongamento-polegar/alongamento-polegar-06.jpg|/videos/frames/alongamento-polegar/alongamento-polegar-07.jpg|/videos/frames/alongamento-polegar/alongamento-polegar-08.jpg","/videos/alongamento-polegar.mp4"
"alongamento-pronadores","Alongamento dos pronadores","75","8","0","","/videos/frames/alongamento-pronadores/alongamento-pronadores-01.jpg|/videos/frames/alongamento-pronadores/alongamento-pronadores-02.jpg|/videos/frames/alongamento-pronadores/alongamento-pronadores-03.jpg|/videos/frames/alongamento-pronadores/alongamento-pronadores-04.jpg|/videos/frames/alongamento-pronadores/alongamento-pronadores-05.jpg|/videos/frames/alongamento-pronadores/alongamento-pronadores-06.jpg|/videos/frames/alongamento-pronadores/alongamento-pronadores-07.jpg|/videos/frames/alongamento-pronadores/alongamento-pronadores-08.jpg","/videos/alongamento-pronadores.mp4"
"alongamento-supinadores","Alongamento dos supinadores","75","8","0","","/videos/frames/alongamento-supinadores/alongamento-supinadores-01.jpg|/videos/frames/alongamento-supinadores/alongamento-supinadores-02.jpg|/videos/frames/alongamento-supinadores/alongamento-supinadores-03.jpg|/videos/frames/alongamento-supinadores/alongamento-supinadores-04.jpg|/videos/frames/alongamento-supinadores/alongamento-supinadores-05.jpg|/videos/frames/alongamento-supinadores/alongamento-supinadores-06.jpg|/videos/frames/alongamento-supinadores/alongamento-supinadores-07.jpg|/videos/frames/alongamento-supinadores/alongamento-supinadores-08.jpg","/videos/alongamento-supinadores.mp4"
"alongamento-lateral-tronco","Alongamento lateral do tronco","75","8","0","","/videos/frames/alongamento-lateral-tronco/alongamento-lateral-tronco-01.jpg|/videos/frames/alongamento-lateral-tronco/alongamento-lateral-tronco-02.jpg|/videos/frames/alongamento-lateral-tronco/alongamento-lateral-tronco-03.jpg|/videos/frames/alongamento-lateral-tronco/alongamento-lateral-tronco-04.jpg|/videos/frames/alongamento-lateral-tronco/alongamento-lateral-tronco-05.jpg|/videos/frames/alongamento-lateral-tronco/alongamento-lateral-tronco-06.jpg|/videos/frames/alongamento-lateral-tronco/alongamento-lateral-tronco-07.jpg|/videos/frames/alongamento-lateral-tronco/alongamento-lateral-tronco-08.jpg","/videos/alongamento-lateral-tronco.mp4"
"alongamento-leve-pernas","Alongamento leve de pernas","75","8","0","","/videos/frames/alongamento-leve-pernas/alongamento-leve-pernas-01.jpg|/videos/frames/alongamento-leve-pernas/alongamento-leve-pernas-02.jpg|/videos/frames/alongamento-leve-pernas/alongamento-leve-pernas-03.jpg|/videos/frames/alongamento-leve-pernas/alongamento-leve-pernas-04.jpg|/videos/frames/alongamento-leve-pernas/alongamento-leve-pernas-05.jpg|/videos/frames/alongamento-leve-pernas/alongamento-leve-pernas-06.jpg|/videos/frames/alongamento-leve-pernas/alongamento-leve-pernas-07.jpg|/videos/frames/alongamento-leve-pernas/alongamento-leve-pernas-08.jpg","/videos/alongamento-leve-pernas.mp4"
"capsula-posterior-ombro","Alongamento posterior do ombro","75","8","0","","/videos/frames/capsula-posterior-ombro/capsula-posterior-ombro-01.jpg|/videos/frames/capsula-posterior-ombro/capsula-posterior-ombro-02.jpg|/videos/frames/capsula-posterior-ombro/capsula-posterior-ombro-03.jpg|/videos/frames/capsula-posterior-ombro/capsula-posterior-ombro-04.jpg|/videos/frames/capsula-posterior-ombro/capsula-posterior-ombro-05.jpg|/videos/frames/capsula-posterior-ombro/capsula-posterior-ombro-06.jpg|/videos/frames/capsula-posterior-ombro/capsula-posterior-ombro-07.jpg|/videos/frames/capsula-posterior-ombro/capsula-posterior-ombro-08.jpg","/videos/capsula-posterior-ombro.mp4"
"joelho-no-chao-anterior","Anterior de coxa com joelho no chao","75","8","0","","/videos/frames/joelho-no-chao-anterior/joelho-no-chao-anterior-01.jpg|/videos/frames/joelho-no-chao-anterior/joelho-no-chao-anterior-02.jpg|/videos/frames/joelho-no-chao-anterior/joelho-no-chao-anterior-03.jpg|/videos/frames/joelho-no-chao-anterior/joelho-no-chao-anterior-04.jpg|/videos/frames/joelho-no-chao-anterior/joelho-no-chao-anterior-05.jpg|/videos/frames/joelho-no-chao-anterior/joelho-no-chao-anterior-06.jpg|/videos/frames/joelho-no-chao-anterior/joelho-no-chao-anterior-07.jpg|/videos/frames/joelho-no-chao-anterior/joelho-no-chao-anterior-08.jpg","/videos/joelho-no-chao-anterior.mp4"
"anterior-coxa-cadeira","Anterior de coxa na cadeira","75","8","0","","/videos/frames/anterior-coxa-cadeira/anterior-coxa-cadeira-01.jpg|/videos/frames/anterior-coxa-cadeira/anterior-coxa-cadeira-02.jpg|/videos/frames/anterior-coxa-cadeira/anterior-coxa-cadeira-03.jpg|/videos/frames/anterior-coxa-cadeira/anterior-coxa-cadeira-04.jpg|/videos/frames/anterior-coxa-cadeira/anterior-coxa-cadeira-05.jpg|/videos/frames/anterior-coxa-cadeira/anterior-coxa-cadeira-06.jpg|/videos/frames/anterior-coxa-cadeira/anterior-coxa-cadeira-07.jpg|/videos/frames/anterior-coxa-cadeira/anterior-coxa-cadeira-08.jpg","/videos/anterior-coxa-cadeira.mp4"
"arco-plantar-bola","Arco plantar com bola","75","8","0","","/videos/frames/arco-plantar-bola/arco-plantar-bola-01.jpg|/videos/frames/arco-plantar-bola/arco-plantar-bola-02.jpg|/videos/frames/arco-plantar-bola/arco-plantar-bola-03.jpg|/videos/frames/arco-plantar-bola/arco-plantar-bola-04.jpg|/videos/frames/arco-plantar-bola/arco-plantar-bola-05.jpg|/videos/frames/arco-plantar-bola/arco-plantar-bola-06.jpg|/videos/frames/arco-plantar-bola/arco-plantar-bola-07.jpg|/videos/frames/arco-plantar-bola/arco-plantar-bola-08.jpg","/videos/arco-plantar-bola.mp4"
"bascula-pelvica","Bascula pelvica","75","8","0","","/videos/frames/bascula-pelvica/bascula-pelvica-01.jpg|/videos/frames/bascula-pelvica/bascula-pelvica-02.jpg|/videos/frames/bascula-pelvica/bascula-pelvica-03.jpg|/videos/frames/bascula-pelvica/bascula-pelvica-04.jpg|/videos/frames/bascula-pelvica/bascula-pelvica-05.jpg|/videos/frames/bascula-pelvica/bascula-pelvica-06.jpg|/videos/frames/bascula-pelvica/bascula-pelvica-07.jpg|/videos/frames/bascula-pelvica/bascula-pelvica-08.jpg","/videos/bascula-pelvica.mp4"
"bom-dia-mobilidade","Bom dia de mobilidade","75","8","0","","/videos/frames/bom-dia-mobilidade/bom-dia-mobilidade-01.jpg|/videos/frames/bom-dia-mobilidade/bom-dia-mobilidade-02.jpg|/videos/frames/bom-dia-mobilidade/bom-dia-mobilidade-03.jpg|/videos/frames/bom-dia-mobilidade/bom-dia-mobilidade-04.jpg|/videos/frames/bom-dia-mobilidade/bom-dia-mobilidade-05.jpg|/videos/frames/bom-dia-mobilidade/bom-dia-mobilidade-06.jpg|/videos/frames/bom-dia-mobilidade/bom-dia-mobilidade-07.jpg|/videos/frames/bom-dia-mobilidade/bom-dia-mobilidade-08.jpg","/videos/bom-dia-mobilidade.mp4"
"borboleta","Borboleta","75","8","0","","/videos/frames/borboleta/borboleta-01.jpg|/videos/frames/borboleta/borboleta-02.jpg|/videos/frames/borboleta/borboleta-03.jpg|/videos/frames/borboleta/borboleta-04.jpg|/videos/frames/borboleta/borboleta-05.jpg|/videos/frames/borboleta/borboleta-06.jpg|/videos/frames/borboleta/borboleta-07.jpg|/videos/frames/borboleta/borboleta-08.jpg","/videos/borboleta.mp4"
"braco-cruzado-suave","Braco cruzado suave","75","8","0","","/videos/frames/braco-cruzado-suave/braco-cruzado-suave-01.jpg|/videos/frames/braco-cruzado-suave/braco-cruzado-suave-02.jpg|/videos/frames/braco-cruzado-suave/braco-cruzado-suave-03.jpg|/videos/frames/braco-cruzado-suave/braco-cruzado-suave-04.jpg|/videos/frames/braco-cruzado-suave/braco-cruzado-suave-05.jpg|/videos/frames/braco-cruzado-suave/braco-cruzado-suave-06.jpg|/videos/frames/braco-cruzado-suave/braco-cruzado-suave-07.jpg|/videos/frames/braco-cruzado-suave/braco-cruzado-suave-08.jpg","/videos/braco-cruzado-suave.mp4"
"circulos-punho-mobilidade","Circulos de punho","75","8","0","","/videos/frames/circulos-punho-mobilidade/circulos-punho-mobilidade-01.jpg|/videos/frames/circulos-punho-mobilidade/circulos-punho-mobilidade-02.jpg|/videos/frames/circulos-punho-mobilidade/circulos-punho-mobilidade-03.jpg|/videos/frames/circulos-punho-mobilidade/circulos-punho-mobilidade-04.jpg|/videos/frames/circulos-punho-mobilidade/circulos-punho-mobilidade-05.jpg|/videos/frames/circulos-punho-mobilidade/circulos-punho-mobilidade-06.jpg|/videos/frames/circulos-punho-mobilidade/circulos-punho-mobilidade-07.jpg|/videos/frames/circulos-punho-mobilidade/circulos-punho-mobilidade-08.jpg","/videos/circulos-punho-mobilidade.mp4"
"circulos-quadril","Circulos de quadril","75","8","0","","/videos/frames/circulos-quadril/circulos-quadril-01.jpg|/videos/frames/circulos-quadril/circulos-quadril-02.jpg|/videos/frames/circulos-quadril/circulos-quadril-03.jpg|/videos/frames/circulos-quadril/circulos-quadril-04.jpg|/videos/frames/circulos-quadril/circulos-quadril-05.jpg|/videos/frames/circulos-quadril/circulos-quadril-06.jpg|/videos/frames/circulos-quadril/circulos-quadril-07.jpg|/videos/frames/circulos-quadril/circulos-quadril-08.jpg","/videos/circulos-quadril.mp4"
"circulos-tornozelo","Circulos de tornozelo","75","8","0","","/videos/frames/circulos-tornozelo/circulos-tornozelo-01.jpg|/videos/frames/circulos-tornozelo/circulos-tornozelo-02.jpg|/videos/frames/circulos-tornozelo/circulos-tornozelo-03.jpg|/videos/frames/circulos-tornozelo/circulos-tornozelo-04.jpg|/videos/frames/circulos-tornozelo/circulos-tornozelo-05.jpg|/videos/frames/circulos-tornozelo/circulos-tornozelo-06.jpg|/videos/frames/circulos-tornozelo/circulos-tornozelo-07.jpg|/videos/frames/circulos-tornozelo/circulos-tornozelo-08.jpg","/videos/circulos-tornozelo.mp4"
"elevacao-ombros-circulos","Circulos lentos de ombros","75","8","0","","/videos/frames/elevacao-ombros-circulos/elevacao-ombros-circulos-01.jpg|/videos/frames/elevacao-ombros-circulos/elevacao-ombros-circulos-02.jpg|/videos/frames/elevacao-ombros-circulos/elevacao-ombros-circulos-03.jpg|/videos/frames/elevacao-ombros-circulos/elevacao-ombros-circulos-04.jpg|/videos/frames/elevacao-ombros-circulos/elevacao-ombros-circulos-05.jpg|/videos/frames/elevacao-ombros-circulos/elevacao-ombros-circulos-06.jpg|/videos/frames/elevacao-ombros-circulos/elevacao-ombros-circulos-07.jpg|/videos/frames/elevacao-ombros-circulos/elevacao-ombros-circulos-08.jpg","/videos/elevacao-ombros-circulos.mp4"
"cobra-suave","Cobra suave","75","8","0","","/videos/frames/cobra-suave/cobra-suave-01.jpg|/videos/frames/cobra-suave/cobra-suave-02.jpg|/videos/frames/cobra-suave/cobra-suave-03.jpg|/videos/frames/cobra-suave/cobra-suave-04.jpg|/videos/frames/cobra-suave/cobra-suave-05.jpg|/videos/frames/cobra-suave/cobra-suave-06.jpg|/videos/frames/cobra-suave/cobra-suave-07.jpg|/videos/frames/cobra-suave/cobra-suave-08.jpg","/videos/cobra-suave.mp4"
"deltoide-posterior-cruzado","Deltoide posterior cruzado","75","8","0","","/videos/frames/deltoide-posterior-cruzado/deltoide-posterior-cruzado-01.jpg|/videos/frames/deltoide-posterior-cruzado/deltoide-posterior-cruzado-02.jpg|/videos/frames/deltoide-posterior-cruzado/deltoide-posterior-cruzado-03.jpg|/videos/frames/deltoide-posterior-cruzado/deltoide-posterior-cruzado-04.jpg|/videos/frames/deltoide-posterior-cruzado/deltoide-posterior-cruzado-05.jpg|/videos/frames/deltoide-posterior-cruzado/deltoide-posterior-cruzado-06.jpg|/videos/frames/deltoide-posterior-cruzado/deltoide-posterior-cruzado-07.jpg|/videos/frames/deltoide-posterior-cruzado/deltoide-posterior-cruzado-08.jpg","/videos/deltoide-posterior-cruzado.mp4"
"alongamento-dorsal-cadeira","Dorsal com apoio na cadeira","75","8","0","","/videos/frames/alongamento-dorsal-cadeira/alongamento-dorsal-cadeira-01.jpg|/videos/frames/alongamento-dorsal-cadeira/alongamento-dorsal-cadeira-02.jpg|/videos/frames/alongamento-dorsal-cadeira/alongamento-dorsal-cadeira-03.jpg|/videos/frames/alongamento-dorsal-cadeira/alongamento-dorsal-cadeira-04.jpg|/videos/frames/alongamento-dorsal-cadeira/alongamento-dorsal-cadeira-05.jpg|/videos/frames/alongamento-dorsal-cadeira/alongamento-dorsal-cadeira-06.jpg|/videos/frames/alongamento-dorsal-cadeira/alongamento-dorsal-cadeira-07.jpg|/videos/frames/alongamento-dorsal-cadeira/alongamento-dorsal-cadeira-08.jpg","/videos/alongamento-dorsal-cadeira.mp4"
"dorsiflexao-parede","Dorsiflexao na parede","75","8","0","","/videos/frames/dorsiflexao-parede/dorsiflexao-parede-01.jpg|/videos/frames/dorsiflexao-parede/dorsiflexao-parede-02.jpg|/videos/frames/dorsiflexao-parede/dorsiflexao-parede-03.jpg|/videos/frames/dorsiflexao-parede/dorsiflexao-parede-04.jpg|/videos/frames/dorsiflexao-parede/dorsiflexao-parede-05.jpg|/videos/frames/dorsiflexao-parede/dorsiflexao-parede-06.jpg|/videos/frames/dorsiflexao-parede/dorsiflexao-parede-07.jpg|/videos/frames/dorsiflexao-parede/dorsiflexao-parede-08.jpg","/videos/dorsiflexao-parede.mp4"
"extensao-abdominal-em-pe","Extensao abdominal em pe","75","8","0","","/videos/frames/extensao-abdominal-em-pe/extensao-abdominal-em-pe-01.jpg|/videos/frames/extensao-abdominal-em-pe/extensao-abdominal-em-pe-02.jpg|/videos/frames/extensao-abdominal-em-pe/extensao-abdominal-em-pe-03.jpg|/videos/frames/extensao-abdominal-em-pe/extensao-abdominal-em-pe-04.jpg|/videos/frames/extensao-abdominal-em-pe/extensao-abdominal-em-pe-05.jpg|/videos/frames/extensao-abdominal-em-pe/extensao-abdominal-em-pe-06.jpg|/videos/frames/extensao-abdominal-em-pe/extensao-abdominal-em-pe-07.jpg|/videos/frames/extensao-abdominal-em-pe/extensao-abdominal-em-pe-08.jpg","/videos/extensao-abdominal-em-pe.mp4"
"extensao-bracos-atras","Extensao dos bracos atras","75","8","0","","/videos/frames/extensao-bracos-atras/extensao-bracos-atras-01.jpg|/videos/frames/extensao-bracos-atras/extensao-bracos-atras-02.jpg|/videos/frames/extensao-bracos-atras/extensao-bracos-atras-03.jpg|/videos/frames/extensao-bracos-atras/extensao-bracos-atras-04.jpg|/videos/frames/extensao-bracos-atras/extensao-bracos-atras-05.jpg|/videos/frames/extensao-bracos-atras/extensao-bracos-atras-06.jpg|/videos/frames/extensao-bracos-atras/extensao-bracos-atras-07.jpg|/videos/frames/extensao-bracos-atras/extensao-bracos-atras-08.jpg","/videos/extensao-bracos-atras.mp4"
"extensao-dedos-pe","Extensao dos dedos do pe","75","8","0","","/videos/frames/extensao-dedos-pe/extensao-dedos-pe-01.jpg|/videos/frames/extensao-dedos-pe/extensao-dedos-pe-02.jpg|/videos/frames/extensao-dedos-pe/extensao-dedos-pe-03.jpg|/videos/frames/extensao-dedos-pe/extensao-dedos-pe-04.jpg|/videos/frames/extensao-dedos-pe/extensao-dedos-pe-05.jpg|/videos/frames/extensao-dedos-pe/extensao-dedos-pe-06.jpg|/videos/frames/extensao-dedos-pe/extensao-dedos-pe-07.jpg|/videos/frames/extensao-dedos-pe/extensao-dedos-pe-08.jpg","/videos/extensao-dedos-pe.mp4"
"extensao-flexores-punho","Extensao dos flexores do punho","75","8","0","","/videos/frames/extensao-flexores-punho/extensao-flexores-punho-01.jpg|/videos/frames/extensao-flexores-punho/extensao-flexores-punho-02.jpg|/videos/frames/extensao-flexores-punho/extensao-flexores-punho-03.jpg|/videos/frames/extensao-flexores-punho/extensao-flexores-punho-04.jpg|/videos/frames/extensao-flexores-punho/extensao-flexores-punho-05.jpg|/videos/frames/extensao-flexores-punho/extensao-flexores-punho-06.jpg|/videos/frames/extensao-flexores-punho/extensao-flexores-punho-07.jpg|/videos/frames/extensao-flexores-punho/extensao-flexores-punho-08.jpg","/videos/extensao-flexores-punho.mp4"
"extensao-toracica-peito","Extensao toracica com abertura de peito","75","8","0","","/videos/frames/extensao-toracica-peito/extensao-toracica-peito-01.jpg|/videos/frames/extensao-toracica-peito/extensao-toracica-peito-02.jpg|/videos/frames/extensao-toracica-peito/extensao-toracica-peito-03.jpg|/videos/frames/extensao-toracica-peito/extensao-toracica-peito-04.jpg|/videos/frames/extensao-toracica-peito/extensao-toracica-peito-05.jpg|/videos/frames/extensao-toracica-peito/extensao-toracica-peito-06.jpg|/videos/frames/extensao-toracica-peito/extensao-toracica-peito-07.jpg|/videos/frames/extensao-toracica-peito/extensao-toracica-peito-08.jpg","/videos/extensao-toracica-peito.mp4"
"extensao-toracica-cadeira","Extensao toracica na cadeira","75","8","0","","/videos/frames/extensao-toracica-cadeira/extensao-toracica-cadeira-01.jpg|/videos/frames/extensao-toracica-cadeira/extensao-toracica-cadeira-02.jpg|/videos/frames/extensao-toracica-cadeira/extensao-toracica-cadeira-03.jpg|/videos/frames/extensao-toracica-cadeira/extensao-toracica-cadeira-04.jpg|/videos/frames/extensao-toracica-cadeira/extensao-toracica-cadeira-05.jpg|/videos/frames/extensao-toracica-cadeira/extensao-toracica-cadeira-06.jpg|/videos/frames/extensao-toracica-cadeira/extensao-toracica-cadeira-07.jpg|/videos/frames/extensao-toracica-cadeira/extensao-toracica-cadeira-08.jpg","/videos/extensao-toracica-cadeira.mp4"
"fascia-plantar-toalha","Fascia plantar com toalha","75","8","0","","/videos/frames/fascia-plantar-toalha/fascia-plantar-toalha-01.jpg|/videos/frames/fascia-plantar-toalha/fascia-plantar-toalha-02.jpg|/videos/frames/fascia-plantar-toalha/fascia-plantar-toalha-03.jpg|/videos/frames/fascia-plantar-toalha/fascia-plantar-toalha-04.jpg|/videos/frames/fascia-plantar-toalha/fascia-plantar-toalha-05.jpg|/videos/frames/fascia-plantar-toalha/fascia-plantar-toalha-06.jpg|/videos/frames/fascia-plantar-toalha/fascia-plantar-toalha-07.jpg|/videos/frames/fascia-plantar-toalha/fascia-plantar-toalha-08.jpg","/videos/fascia-plantar-toalha.mp4"
"figura-quatro-sentado","Figura quatro sentado","75","8","0","","/videos/frames/figura-quatro-sentado/figura-quatro-sentado-01.jpg|/videos/frames/figura-quatro-sentado/figura-quatro-sentado-02.jpg|/videos/frames/figura-quatro-sentado/figura-quatro-sentado-03.jpg|/videos/frames/figura-quatro-sentado/figura-quatro-sentado-04.jpg|/videos/frames/figura-quatro-sentado/figura-quatro-sentado-05.jpg|/videos/frames/figura-quatro-sentado/figura-quatro-sentado-06.jpg|/videos/frames/figura-quatro-sentado/figura-quatro-sentado-07.jpg|/videos/frames/figura-quatro-sentado/figura-quatro-sentado-08.jpg","/videos/figura-quatro-sentado.mp4"
"flexao-cervical-suave","Flexao cervical suave","75","8","0","","/videos/frames/flexao-cervical-suave/flexao-cervical-suave-01.jpg|/videos/frames/flexao-cervical-suave/flexao-cervical-suave-02.jpg|/videos/frames/flexao-cervical-suave/flexao-cervical-suave-03.jpg|/videos/frames/flexao-cervical-suave/flexao-cervical-suave-04.jpg|/videos/frames/flexao-cervical-suave/flexao-cervical-suave-05.jpg|/videos/frames/flexao-cervical-suave/flexao-cervical-suave-06.jpg|/videos/frames/flexao-cervical-suave/flexao-cervical-suave-07.jpg|/videos/frames/flexao-cervical-suave/flexao-cervical-suave-08.jpg","/videos/flexao-cervical-suave.mp4"
"flexao-dedos-pe","Flexao dos dedos do pe","75","8","0","","/videos/frames/flexao-dedos-pe/flexao-dedos-pe-01.jpg|/videos/frames/flexao-dedos-pe/flexao-dedos-pe-02.jpg|/videos/frames/flexao-dedos-pe/flexao-dedos-pe-03.jpg|/videos/frames/flexao-dedos-pe/flexao-dedos-pe-04.jpg|/videos/frames/flexao-dedos-pe/flexao-dedos-pe-05.jpg|/videos/frames/flexao-dedos-pe/flexao-dedos-pe-06.jpg|/videos/frames/flexao-dedos-pe/flexao-dedos-pe-07.jpg|/videos/frames/flexao-dedos-pe/flexao-dedos-pe-08.jpg","/videos/flexao-dedos-pe.mp4"
"flexao-extensores-punho","Flexao dos extensores do punho","75","8","0","","/videos/frames/flexao-extensores-punho/flexao-extensores-punho-01.jpg|/videos/frames/flexao-extensores-punho/flexao-extensores-punho-02.jpg|/videos/frames/flexao-extensores-punho/flexao-extensores-punho-03.jpg|/videos/frames/flexao-extensores-punho/flexao-extensores-punho-04.jpg|/videos/frames/flexao-extensores-punho/flexao-extensores-punho-05.jpg|/videos/frames/flexao-extensores-punho/flexao-extensores-punho-06.jpg|/videos/frames/flexao-extensores-punho/flexao-extensores-punho-07.jpg|/videos/frames/flexao-extensores-punho/flexao-extensores-punho-08.jpg","/videos/flexao-extensores-punho.mp4"
"flexao-lombar-sentada","Flexao lombar sentada","75","8","0","","/videos/frames/flexao-lombar-sentada/flexao-lombar-sentada-01.jpg|/videos/frames/flexao-lombar-sentada/flexao-lombar-sentada-02.jpg|/videos/frames/flexao-lombar-sentada/flexao-lombar-sentada-03.jpg|/videos/frames/flexao-lombar-sentada/flexao-lombar-sentada-04.jpg|/videos/frames/flexao-lombar-sentada/flexao-lombar-sentada-05.jpg|/videos/frames/flexao-lombar-sentada/flexao-lombar-sentada-06.jpg|/videos/frames/flexao-lombar-sentada/flexao-lombar-sentada-07.jpg|/videos/frames/flexao-lombar-sentada/flexao-lombar-sentada-08.jpg","/videos/flexao-lombar-sentada.mp4"
"flexor-quadril-ajoelhado","Flexor do quadril ajoelhado","75","8","0","","/videos/frames/flexor-quadril-ajoelhado/flexor-quadril-ajoelhado-01.jpg|/videos/frames/flexor-quadril-ajoelhado/flexor-quadril-ajoelhado-02.jpg|/videos/frames/flexor-quadril-ajoelhado/flexor-quadril-ajoelhado-03.jpg|/videos/frames/flexor-quadril-ajoelhado/flexor-quadril-ajoelhado-04.jpg|/videos/frames/flexor-quadril-ajoelhado/flexor-quadril-ajoelhado-05.jpg|/videos/frames/flexor-quadril-ajoelhado/flexor-quadril-ajoelhado-06.jpg|/videos/frames/flexor-quadril-ajoelhado/flexor-quadril-ajoelhado-07.jpg|/videos/frames/flexor-quadril-ajoelhado/flexor-quadril-ajoelhado-08.jpg","/videos/flexor-quadril-ajoelhado.mp4"
"flexor-quadril-com-quadriceps","Flexor do quadril com quadriceps","75","8","0","","/videos/frames/flexor-quadril-com-quadriceps/flexor-quadril-com-quadriceps-01.jpg|/videos/frames/flexor-quadril-com-quadriceps/flexor-quadril-com-quadriceps-02.jpg|/videos/frames/flexor-quadril-com-quadriceps/flexor-quadril-com-quadriceps-03.jpg|/videos/frames/flexor-quadril-com-quadriceps/flexor-quadril-com-quadriceps-04.jpg|/videos/frames/flexor-quadril-com-quadriceps/flexor-quadril-com-quadriceps-05.jpg|/videos/frames/flexor-quadril-com-quadriceps/flexor-quadril-com-quadriceps-06.jpg|/videos/frames/flexor-quadril-com-quadriceps/flexor-quadril-com-quadriceps-07.jpg|/videos/frames/flexor-quadril-com-quadriceps/flexor-quadril-com-quadriceps-08.jpg","/videos/flexor-quadril-com-quadriceps.mp4"
"gato-vaca-escapular","Gato-vaca escapular","75","8","0","","/videos/frames/gato-vaca-escapular/gato-vaca-escapular-01.jpg|/videos/frames/gato-vaca-escapular/gato-vaca-escapular-02.jpg|/videos/frames/gato-vaca-escapular/gato-vaca-escapular-03.jpg|/videos/frames/gato-vaca-escapular/gato-vaca-escapular-04.jpg|/videos/frames/gato-vaca-escapular/gato-vaca-escapular-05.jpg|/videos/frames/gato-vaca-escapular/gato-vaca-escapular-06.jpg|/videos/frames/gato-vaca-escapular/gato-vaca-escapular-07.jpg|/videos/frames/gato-vaca-escapular/gato-vaca-escapular-08.jpg","/videos/gato-vaca-escapular.mp4"
"gato-vaca-toracico","Gato-vaca toracico","75","8","0","","/videos/frames/gato-vaca-toracico/gato-vaca-toracico-01.jpg|/videos/frames/gato-vaca-toracico/gato-vaca-toracico-02.jpg|/videos/frames/gato-vaca-toracico/gato-vaca-toracico-03.jpg|/videos/frames/gato-vaca-toracico/gato-vaca-toracico-04.jpg|/videos/frames/gato-vaca-toracico/gato-vaca-toracico-05.jpg|/videos/frames/gato-vaca-toracico/gato-vaca-toracico-06.jpg|/videos/frames/gato-vaca-toracico/gato-vaca-toracico-07.jpg|/videos/frames/gato-vaca-toracico/gato-vaca-toracico-08.jpg","/videos/gato-vaca-toracico.mp4"
"gluteo-parede","Gluteo na parede","75","8","0","","/videos/frames/gluteo-parede/gluteo-parede-01.jpg|/videos/frames/gluteo-parede/gluteo-parede-02.jpg|/videos/frames/gluteo-parede/gluteo-parede-03.jpg|/videos/frames/gluteo-parede/gluteo-parede-04.jpg|/videos/frames/gluteo-parede/gluteo-parede-05.jpg|/videos/frames/gluteo-parede/gluteo-parede-06.jpg|/videos/frames/gluteo-parede/gluteo-parede-07.jpg|/videos/frames/gluteo-parede/gluteo-parede-08.jpg","/videos/gluteo-parede.mp4"
"inclinacao-lateral-pescoco","Inclinacao lateral do pescoco","75","8","0","","/videos/frames/inclinacao-lateral-pescoco/inclinacao-lateral-pescoco-01.jpg|/videos/frames/inclinacao-lateral-pescoco/inclinacao-lateral-pescoco-02.jpg|/videos/frames/inclinacao-lateral-pescoco/inclinacao-lateral-pescoco-03.jpg|/videos/frames/inclinacao-lateral-pescoco/inclinacao-lateral-pescoco-04.jpg|/videos/frames/inclinacao-lateral-pescoco/inclinacao-lateral-pescoco-05.jpg|/videos/frames/inclinacao-lateral-pescoco/inclinacao-lateral-pescoco-06.jpg|/videos/frames/inclinacao-lateral-pescoco/inclinacao-lateral-pescoco-07.jpg|/videos/frames/inclinacao-lateral-pescoco/inclinacao-lateral-pescoco-08.jpg","/videos/inclinacao-lateral-pescoco.mp4"
"inclinacao-unilateral-cadeira","Inclinacao unilateral na cadeira","75","8","0","","/videos/frames/inclinacao-unilateral-cadeira/inclinacao-unilateral-cadeira-01.jpg|/videos/frames/inclinacao-unilateral-cadeira/inclinacao-unilateral-cadeira-02.jpg|/videos/frames/inclinacao-unilateral-cadeira/inclinacao-unilateral-cadeira-03.jpg|/videos/frames/inclinacao-unilateral-cadeira/inclinacao-unilateral-cadeira-04.jpg|/videos/frames/inclinacao-unilateral-cadeira/inclinacao-unilateral-cadeira-05.jpg|/videos/frames/inclinacao-unilateral-cadeira/inclinacao-unilateral-cadeira-06.jpg|/videos/frames/inclinacao-unilateral-cadeira/inclinacao-unilateral-cadeira-07.jpg|/videos/frames/inclinacao-unilateral-cadeira/inclinacao-unilateral-cadeira-08.jpg","/videos/inclinacao-unilateral-cadeira.mp4"
"inversao-eversao-controlada","Inversao e eversao controlada","75","8","0","","/videos/frames/inversao-eversao-controlada/inversao-eversao-controlada-01.jpg|/videos/frames/inversao-eversao-controlada/inversao-eversao-controlada-02.jpg|/videos/frames/inversao-eversao-controlada/inversao-eversao-controlada-03.jpg|/videos/frames/inversao-eversao-controlada/inversao-eversao-controlada-04.jpg|/videos/frames/inversao-eversao-controlada/inversao-eversao-controlada-05.jpg|/videos/frames/inversao-eversao-controlada/inversao-eversao-controlada-06.jpg|/videos/frames/inversao-eversao-controlada/inversao-eversao-controlada-07.jpg|/videos/frames/inversao-eversao-controlada/inversao-eversao-controlada-08.jpg","/videos/inversao-eversao-controlada.mp4"
"joelho-ao-peito-cruzado","Joelho ao peito cruzado","75","8","0","","/videos/frames/joelho-ao-peito-cruzado/joelho-ao-peito-cruzado-01.jpg|/videos/frames/joelho-ao-peito-cruzado/joelho-ao-peito-cruzado-02.jpg|/videos/frames/joelho-ao-peito-cruzado/joelho-ao-peito-cruzado-03.jpg|/videos/frames/joelho-ao-peito-cruzado/joelho-ao-peito-cruzado-04.jpg|/videos/frames/joelho-ao-peito-cruzado/joelho-ao-peito-cruzado-05.jpg|/videos/frames/joelho-ao-peito-cruzado/joelho-ao-peito-cruzado-06.jpg|/videos/frames/joelho-ao-peito-cruzado/joelho-ao-peito-cruzado-07.jpg|/videos/frames/joelho-ao-peito-cruzado/joelho-ao-peito-cruzado-08.jpg","/videos/joelho-ao-peito-cruzado.mp4"
"joelhos-ao-peito","Joelhos ao peito","75","8","0","","/videos/frames/joelhos-ao-peito/joelhos-ao-peito-01.jpg|/videos/frames/joelhos-ao-peito/joelhos-ao-peito-02.jpg|/videos/frames/joelhos-ao-peito/joelhos-ao-peito-03.jpg|/videos/frames/joelhos-ao-peito/joelhos-ao-peito-04.jpg|/videos/frames/joelhos-ao-peito/joelhos-ao-peito-05.jpg|/videos/frames/joelhos-ao-peito/joelhos-ao-peito-06.jpg|/videos/frames/joelhos-ao-peito/joelhos-ao-peito-07.jpg|/videos/frames/joelhos-ao-peito/joelhos-ao-peito-08.jpg","/videos/joelhos-ao-peito.mp4"
"livro-aberto","Livro aberto","75","8","0","","/videos/frames/livro-aberto/livro-aberto-01.jpg|/videos/frames/livro-aberto/livro-aberto-02.jpg|/videos/frames/livro-aberto/livro-aberto-03.jpg|/videos/frames/livro-aberto/livro-aberto-04.jpg|/videos/frames/livro-aberto/livro-aberto-05.jpg|/videos/frames/livro-aberto/livro-aberto-06.jpg|/videos/frames/livro-aberto/livro-aberto-07.jpg|/videos/frames/livro-aberto/livro-aberto-08.jpg","/videos/livro-aberto.mp4"
"maos-atras-costas","Maos atras das costas","75","8","0","","/videos/frames/maos-atras-costas/maos-atras-costas-01.jpg|/videos/frames/maos-atras-costas/maos-atras-costas-02.jpg|/videos/frames/maos-atras-costas/maos-atras-costas-03.jpg|/videos/frames/maos-atras-costas/maos-atras-costas-04.jpg|/videos/frames/maos-atras-costas/maos-atras-costas-05.jpg|/videos/frames/maos-atras-costas/maos-atras-costas-06.jpg|/videos/frames/maos-atras-costas/maos-atras-costas-07.jpg|/videos/frames/maos-atras-costas/maos-atras-costas-08.jpg","/videos/maos-atras-costas.mp4"
"mobilidade-braco-cotovelo","Mobilidade de braco e cotovelo","75","8","0","","/videos/frames/mobilidade-braco-cotovelo/mobilidade-braco-cotovelo-01.jpg|/videos/frames/mobilidade-braco-cotovelo/mobilidade-braco-cotovelo-02.jpg|/videos/frames/mobilidade-braco-cotovelo/mobilidade-braco-cotovelo-03.jpg|/videos/frames/mobilidade-braco-cotovelo/mobilidade-braco-cotovelo-04.jpg|/videos/frames/mobilidade-braco-cotovelo/mobilidade-braco-cotovelo-05.jpg|/videos/frames/mobilidade-braco-cotovelo/mobilidade-braco-cotovelo-06.jpg|/videos/frames/mobilidade-braco-cotovelo/mobilidade-braco-cotovelo-07.jpg|/videos/frames/mobilidade-braco-cotovelo/mobilidade-braco-cotovelo-08.jpg","/videos/mobilidade-braco-cotovelo.mp4"
"mobilidade-cotovelo","Mobilidade leve de cotovelo","75","8","0","","/videos/frames/mobilidade-cotovelo/mobilidade-cotovelo-01.jpg|/videos/frames/mobilidade-cotovelo/mobilidade-cotovelo-02.jpg|/videos/frames/mobilidade-cotovelo/mobilidade-cotovelo-03.jpg|/videos/frames/mobilidade-cotovelo/mobilidade-cotovelo-04.jpg|/videos/frames/mobilidade-cotovelo/mobilidade-cotovelo-05.jpg|/videos/frames/mobilidade-cotovelo/mobilidade-cotovelo-06.jpg|/videos/frames/mobilidade-cotovelo/mobilidade-cotovelo-07.jpg|/videos/frames/mobilidade-cotovelo/mobilidade-cotovelo-08.jpg","/videos/mobilidade-cotovelo.mp4"
"mobilidade-tornozelo-panturrilha","Mobilidade tornozelo-panturrilha","75","8","0","","/videos/frames/mobilidade-tornozelo-panturrilha/mobilidade-tornozelo-panturrilha-01.jpg|/videos/frames/mobilidade-tornozelo-panturrilha/mobilidade-tornozelo-panturrilha-02.jpg|/videos/frames/mobilidade-tornozelo-panturrilha/mobilidade-tornozelo-panturrilha-03.jpg|/videos/frames/mobilidade-tornozelo-panturrilha/mobilidade-tornozelo-panturrilha-04.jpg|/videos/frames/mobilidade-tornozelo-panturrilha/mobilidade-tornozelo-panturrilha-05.jpg|/videos/frames/mobilidade-tornozelo-panturrilha/mobilidade-tornozelo-panturrilha-06.jpg|/videos/frames/mobilidade-tornozelo-panturrilha/mobilidade-tornozelo-panturrilha-07.jpg|/videos/frames/mobilidade-tornozelo-panturrilha/mobilidade-tornozelo-panturrilha-08.jpg","/videos/mobilidade-tornozelo-panturrilha.mp4"
"panturrilha-toalha","Panturrilha com toalha","75","8","0","","/videos/frames/panturrilha-toalha/panturrilha-toalha-01.jpg|/videos/frames/panturrilha-toalha/panturrilha-toalha-02.jpg|/videos/frames/panturrilha-toalha/panturrilha-toalha-03.jpg|/videos/frames/panturrilha-toalha/panturrilha-toalha-04.jpg|/videos/frames/panturrilha-toalha/panturrilha-toalha-05.jpg|/videos/frames/panturrilha-toalha/panturrilha-toalha-06.jpg|/videos/frames/panturrilha-toalha/panturrilha-toalha-07.jpg|/videos/frames/panturrilha-toalha/panturrilha-toalha-08.jpg","/videos/panturrilha-toalha.mp4"
"panturrilha-parede","Panturrilha na parede","75","8","0","","/videos/frames/panturrilha-parede/panturrilha-parede-01.jpg|/videos/frames/panturrilha-parede/panturrilha-parede-02.jpg|/videos/frames/panturrilha-parede/panturrilha-parede-03.jpg|/videos/frames/panturrilha-parede/panturrilha-parede-04.jpg|/videos/frames/panturrilha-parede/panturrilha-parede-05.jpg|/videos/frames/panturrilha-parede/panturrilha-parede-06.jpg|/videos/frames/panturrilha-parede/panturrilha-parede-07.jpg|/videos/frames/panturrilha-parede/panturrilha-parede-08.jpg","/videos/panturrilha-parede.mp4"
"degrau-panturrilha","Panturrilha no degrau","75","8","0","","/videos/frames/degrau-panturrilha/degrau-panturrilha-01.jpg|/videos/frames/degrau-panturrilha/degrau-panturrilha-02.jpg|/videos/frames/degrau-panturrilha/degrau-panturrilha-03.jpg|/videos/frames/degrau-panturrilha/degrau-panturrilha-04.jpg|/videos/frames/degrau-panturrilha/degrau-panturrilha-05.jpg|/videos/frames/degrau-panturrilha/degrau-panturrilha-06.jpg|/videos/frames/degrau-panturrilha/degrau-panturrilha-07.jpg|/videos/frames/degrau-panturrilha/degrau-panturrilha-08.jpg","/videos/degrau-panturrilha.mp4"
"peitoral-parede-um-braco","Peitoral na parede com um braco","75","8","0","","/videos/frames/peitoral-parede-um-braco/peitoral-parede-um-braco-01.jpg|/videos/frames/peitoral-parede-um-braco/peitoral-parede-um-braco-02.jpg|/videos/frames/peitoral-parede-um-braco/peitoral-parede-um-braco-03.jpg|/videos/frames/peitoral-parede-um-braco/peitoral-parede-um-braco-04.jpg|/videos/frames/peitoral-parede-um-braco/peitoral-parede-um-braco-05.jpg|/videos/frames/peitoral-parede-um-braco/peitoral-parede-um-braco-06.jpg|/videos/frames/peitoral-parede-um-braco/peitoral-parede-um-braco-07.jpg|/videos/frames/peitoral-parede-um-braco/peitoral-parede-um-braco-08.jpg","/videos/peitoral-parede-um-braco.mp4"
"peitoral-no-canto","Peitoral no canto da parede","75","8","0","","/videos/frames/peitoral-no-canto/peitoral-no-canto-01.jpg|/videos/frames/peitoral-no-canto/peitoral-no-canto-02.jpg|/videos/frames/peitoral-no-canto/peitoral-no-canto-03.jpg|/videos/frames/peitoral-no-canto/peitoral-no-canto-04.jpg|/videos/frames/peitoral-no-canto/peitoral-no-canto-05.jpg|/videos/frames/peitoral-no-canto/peitoral-no-canto-06.jpg|/videos/frames/peitoral-no-canto/peitoral-no-canto-07.jpg|/videos/frames/peitoral-no-canto/peitoral-no-canto-08.jpg","/videos/peitoral-no-canto.mp4"
"pendulo-ombro","Pendulo de ombro","75","8","0","","/videos/frames/pendulo-ombro/pendulo-ombro-01.jpg|/videos/frames/pendulo-ombro/pendulo-ombro-02.jpg|/videos/frames/pendulo-ombro/pendulo-ombro-03.jpg|/videos/frames/pendulo-ombro/pendulo-ombro-04.jpg|/videos/frames/pendulo-ombro/pendulo-ombro-05.jpg|/videos/frames/pendulo-ombro/pendulo-ombro-06.jpg|/videos/frames/pendulo-ombro/pendulo-ombro-07.jpg|/videos/frames/pendulo-ombro/pendulo-ombro-08.jpg","/videos/pendulo-ombro.mp4"
"piriforme-deitado","Piriforme deitado","75","8","0","","/videos/frames/piriforme-deitado/piriforme-deitado-01.jpg|/videos/frames/piriforme-deitado/piriforme-deitado-02.jpg|/videos/frames/piriforme-deitado/piriforme-deitado-03.jpg|/videos/frames/piriforme-deitado/piriforme-deitado-04.jpg|/videos/frames/piriforme-deitado/piriforme-deitado-05.jpg|/videos/frames/piriforme-deitado/piriforme-deitado-06.jpg|/videos/frames/piriforme-deitado/piriforme-deitado-07.jpg|/videos/frames/piriforme-deitado/piriforme-deitado-08.jpg","/videos/piriforme-deitado.mp4"
"pombo-adaptado","Pombo adaptado","75","8","0","","/videos/frames/pombo-adaptado/pombo-adaptado-01.jpg|/videos/frames/pombo-adaptado/pombo-adaptado-02.jpg|/videos/frames/pombo-adaptado/pombo-adaptado-03.jpg|/videos/frames/pombo-adaptado/pombo-adaptado-04.jpg|/videos/frames/pombo-adaptado/pombo-adaptado-05.jpg|/videos/frames/pombo-adaptado/pombo-adaptado-06.jpg|/videos/frames/pombo-adaptado/pombo-adaptado-07.jpg|/videos/frames/pombo-adaptado/pombo-adaptado-08.jpg","/videos/pombo-adaptado.mp4"
"ponte-suave-abertura","Ponte suave com abertura anterior","75","8","0","","/videos/frames/ponte-suave-abertura/ponte-suave-abertura-01.jpg|/videos/frames/ponte-suave-abertura/ponte-suave-abertura-02.jpg|/videos/frames/ponte-suave-abertura/ponte-suave-abertura-03.jpg|/videos/frames/ponte-suave-abertura/ponte-suave-abertura-04.jpg|/videos/frames/ponte-suave-abertura/ponte-suave-abertura-05.jpg|/videos/frames/ponte-suave-abertura/ponte-suave-abertura-06.jpg|/videos/frames/ponte-suave-abertura/ponte-suave-abertura-07.jpg|/videos/frames/ponte-suave-abertura/ponte-suave-abertura-08.jpg","/videos/ponte-suave-abertura.mp4"
"toalha-deitado","Posterior com toalha deitado","75","8","0","","/videos/frames/toalha-deitado/toalha-deitado-01.jpg|/videos/frames/toalha-deitado/toalha-deitado-02.jpg|/videos/frames/toalha-deitado/toalha-deitado-03.jpg|/videos/frames/toalha-deitado/toalha-deitado-04.jpg|/videos/frames/toalha-deitado/toalha-deitado-05.jpg|/videos/frames/toalha-deitado/toalha-deitado-06.jpg|/videos/frames/toalha-deitado/toalha-deitado-07.jpg|/videos/frames/toalha-deitado/toalha-deitado-08.jpg","/videos/toalha-deitado.mp4"
"posterior-em-pe-apoio","Posterior em pe com apoio","75","8","0","","/videos/frames/posterior-em-pe-apoio/posterior-em-pe-apoio-01.jpg|/videos/frames/posterior-em-pe-apoio/posterior-em-pe-apoio-02.jpg|/videos/frames/posterior-em-pe-apoio/posterior-em-pe-apoio-03.jpg|/videos/frames/posterior-em-pe-apoio/posterior-em-pe-apoio-04.jpg|/videos/frames/posterior-em-pe-apoio/posterior-em-pe-apoio-05.jpg|/videos/frames/posterior-em-pe-apoio/posterior-em-pe-apoio-06.jpg|/videos/frames/posterior-em-pe-apoio/posterior-em-pe-apoio-07.jpg|/videos/frames/posterior-em-pe-apoio/posterior-em-pe-apoio-08.jpg","/videos/posterior-em-pe-apoio.mp4"
"posterior-sentado","Posterior sentado","75","8","0","","/videos/frames/posterior-sentado/posterior-sentado-01.jpg|/videos/frames/posterior-sentado/posterior-sentado-02.jpg|/videos/frames/posterior-sentado/posterior-sentado-03.jpg|/videos/frames/posterior-sentado/posterior-sentado-04.jpg|/videos/frames/posterior-sentado/posterior-sentado-05.jpg|/videos/frames/posterior-sentado/posterior-sentado-06.jpg|/videos/frames/posterior-sentado/posterior-sentado-07.jpg|/videos/frames/posterior-sentado/posterior-sentado-08.jpg","/videos/posterior-sentado.mp4"
"postura-crianca","Postura da crianca","75","8","0","","/videos/frames/postura-crianca/postura-crianca-01.jpg|/videos/frames/postura-crianca/postura-crianca-02.jpg|/videos/frames/postura-crianca/postura-crianca-03.jpg|/videos/frames/postura-crianca/postura-crianca-04.jpg|/videos/frames/postura-crianca/postura-crianca-05.jpg|/videos/frames/postura-crianca/postura-crianca-06.jpg|/videos/frames/postura-crianca/postura-crianca-07.jpg|/videos/frames/postura-crianca/postura-crianca-08.jpg","/videos/postura-crianca.mp4"
"postura-crianca-lateral","Postura da crianca lateral","75","8","0","","/videos/frames/postura-crianca-lateral/postura-crianca-lateral-01.jpg|/videos/frames/postura-crianca-lateral/postura-crianca-lateral-02.jpg|/videos/frames/postura-crianca-lateral/postura-crianca-lateral-03.jpg|/videos/frames/postura-crianca-lateral/postura-crianca-lateral-04.jpg|/videos/frames/postura-crianca-lateral/postura-crianca-lateral-05.jpg|/videos/frames/postura-crianca-lateral/postura-crianca-lateral-06.jpg|/videos/frames/postura-crianca-lateral/postura-crianca-lateral-07.jpg|/videos/frames/postura-crianca-lateral/postura-crianca-lateral-08.jpg","/videos/postura-crianca-lateral.mp4"
"pronacao-supinacao-antebraco","Pronacao e supinacao do antebraco","75","8","0","","/videos/frames/pronacao-supinacao-antebraco/pronacao-supinacao-antebraco-01.jpg|/videos/frames/pronacao-supinacao-antebraco/pronacao-supinacao-antebraco-02.jpg|/videos/frames/pronacao-supinacao-antebraco/pronacao-supinacao-antebraco-03.jpg|/videos/frames/pronacao-supinacao-antebraco/pronacao-supinacao-antebraco-04.jpg|/videos/frames/pronacao-supinacao-antebraco/pronacao-supinacao-antebraco-05.jpg|/videos/frames/pronacao-supinacao-antebraco/pronacao-supinacao-antebraco-06.jpg|/videos/frames/pronacao-supinacao-antebraco/pronacao-supinacao-antebraco-07.jpg|/videos/frames/pronacao-supinacao-antebraco/pronacao-supinacao-antebraco-08.jpg","/videos/pronacao-supinacao-antebraco.mp4"
"quadriceps-lateral-deitado","Quadriceps deitado de lado","75","8","0","","/videos/frames/quadriceps-lateral-deitado/quadriceps-lateral-deitado-01.jpg|/videos/frames/quadriceps-lateral-deitado/quadriceps-lateral-deitado-02.jpg|/videos/frames/quadriceps-lateral-deitado/quadriceps-lateral-deitado-03.jpg|/videos/frames/quadriceps-lateral-deitado/quadriceps-lateral-deitado-04.jpg|/videos/frames/quadriceps-lateral-deitado/quadriceps-lateral-deitado-05.jpg|/videos/frames/quadriceps-lateral-deitado/quadriceps-lateral-deitado-06.jpg|/videos/frames/quadriceps-lateral-deitado/quadriceps-lateral-deitado-07.jpg|/videos/frames/quadriceps-lateral-deitado/quadriceps-lateral-deitado-08.jpg","/videos/quadriceps-lateral-deitado.mp4"
"quadriceps-em-pe-apoio","Quadriceps em pe com apoio","75","8","0","","/videos/frames/quadriceps-em-pe-apoio/quadriceps-em-pe-apoio-01.jpg|/videos/frames/quadriceps-em-pe-apoio/quadriceps-em-pe-apoio-02.jpg|/videos/frames/quadriceps-em-pe-apoio/quadriceps-em-pe-apoio-03.jpg|/videos/frames/quadriceps-em-pe-apoio/quadriceps-em-pe-apoio-04.jpg|/videos/frames/quadriceps-em-pe-apoio/quadriceps-em-pe-apoio-05.jpg|/videos/frames/quadriceps-em-pe-apoio/quadriceps-em-pe-apoio-06.jpg|/videos/frames/quadriceps-em-pe-apoio/quadriceps-em-pe-apoio-07.jpg|/videos/frames/quadriceps-em-pe-apoio/quadriceps-em-pe-apoio-08.jpg","/videos/quadriceps-em-pe-apoio.mp4"
"queixo-para-tras","Queixo para tras","75","8","0","","/videos/frames/queixo-para-tras/queixo-para-tras-01.jpg|/videos/frames/queixo-para-tras/queixo-para-tras-02.jpg|/videos/frames/queixo-para-tras/queixo-para-tras-03.jpg|/videos/frames/queixo-para-tras/queixo-para-tras-04.jpg|/videos/frames/queixo-para-tras/queixo-para-tras-05.jpg|/videos/frames/queixo-para-tras/queixo-para-tras-06.jpg|/videos/frames/queixo-para-tras/queixo-para-tras-07.jpg|/videos/frames/queixo-para-tras/queixo-para-tras-08.jpg","/videos/queixo-para-tras.mp4"
"respiracao-costelas","Respiracao nas costelas","75","8","0","","/videos/frames/respiracao-costelas/respiracao-costelas-01.jpg|/videos/frames/respiracao-costelas/respiracao-costelas-02.jpg|/videos/frames/respiracao-costelas/respiracao-costelas-03.jpg|/videos/frames/respiracao-costelas/respiracao-costelas-04.jpg|/videos/frames/respiracao-costelas/respiracao-costelas-05.jpg|/videos/frames/respiracao-costelas/respiracao-costelas-06.jpg|/videos/frames/respiracao-costelas/respiracao-costelas-07.jpg|/videos/frames/respiracao-costelas/respiracao-costelas-08.jpg","/videos/respiracao-costelas.mp4"
"retracao-protracao-escapular","Retracao e protracao escapular","75","8","0","","/videos/frames/retracao-protracao-escapular/retracao-protracao-escapular-01.jpg|/videos/frames/retracao-protracao-escapular/retracao-protracao-escapular-02.jpg|/videos/frames/retracao-protracao-escapular/retracao-protracao-escapular-03.jpg|/videos/frames/retracao-protracao-escapular/retracao-protracao-escapular-04.jpg|/videos/frames/retracao-protracao-escapular/retracao-protracao-escapular-05.jpg|/videos/frames/retracao-protracao-escapular/retracao-protracao-escapular-06.jpg|/videos/frames/retracao-protracao-escapular/retracao-protracao-escapular-07.jpg|/videos/frames/retracao-protracao-escapular/retracao-protracao-escapular-08.jpg","/videos/retracao-protracao-escapular.mp4"
"rotacao-cervical-controlada","Rotacao cervical controlada","75","8","0","","/videos/frames/rotacao-cervical-controlada/rotacao-cervical-controlada-01.jpg|/videos/frames/rotacao-cervical-controlada/rotacao-cervical-controlada-02.jpg|/videos/frames/rotacao-cervical-controlada/rotacao-cervical-controlada-03.jpg|/videos/frames/rotacao-cervical-controlada/rotacao-cervical-controlada-04.jpg|/videos/frames/rotacao-cervical-controlada/rotacao-cervical-controlada-05.jpg|/videos/frames/rotacao-cervical-controlada/rotacao-cervical-controlada-06.jpg|/videos/frames/rotacao-cervical-controlada/rotacao-cervical-controlada-07.jpg|/videos/frames/rotacao-cervical-controlada/rotacao-cervical-controlada-08.jpg","/videos/rotacao-cervical-controlada.mp4"
"rotacao-externa-parede","Rotacao externa na parede","75","8","0","","/videos/frames/rotacao-externa-parede/rotacao-externa-parede-01.jpg|/videos/frames/rotacao-externa-parede/rotacao-externa-parede-02.jpg|/videos/frames/rotacao-externa-parede/rotacao-externa-parede-03.jpg|/videos/frames/rotacao-externa-parede/rotacao-externa-parede-04.jpg|/videos/frames/rotacao-externa-parede/rotacao-externa-parede-05.jpg|/videos/frames/rotacao-externa-parede/rotacao-externa-parede-06.jpg|/videos/frames/rotacao-externa-parede/rotacao-externa-parede-07.jpg|/videos/frames/rotacao-externa-parede/rotacao-externa-parede-08.jpg","/videos/rotacao-externa-parede.mp4"
"rotacao-toracica-sentada","Rotacao toracica sentada","75","8","0","","/videos/frames/rotacao-toracica-sentada/rotacao-toracica-sentada-01.jpg|/videos/frames/rotacao-toracica-sentada/rotacao-toracica-sentada-02.jpg|/videos/frames/rotacao-toracica-sentada/rotacao-toracica-sentada-03.jpg|/videos/frames/rotacao-toracica-sentada/rotacao-toracica-sentada-04.jpg|/videos/frames/rotacao-toracica-sentada/rotacao-toracica-sentada-05.jpg|/videos/frames/rotacao-toracica-sentada/rotacao-toracica-sentada-06.jpg|/videos/frames/rotacao-toracica-sentada/rotacao-toracica-sentada-07.jpg|/videos/frames/rotacao-toracica-sentada/rotacao-toracica-sentada-08.jpg","/videos/rotacao-toracica-sentada.mp4"
"soleo-joelho-flexionado","Soleo com joelho flexionado","75","8","0","","/videos/frames/soleo-joelho-flexionado/soleo-joelho-flexionado-01.jpg|/videos/frames/soleo-joelho-flexionado/soleo-joelho-flexionado-02.jpg|/videos/frames/soleo-joelho-flexionado/soleo-joelho-flexionado-03.jpg|/videos/frames/soleo-joelho-flexionado/soleo-joelho-flexionado-04.jpg|/videos/frames/soleo-joelho-flexionado/soleo-joelho-flexionado-05.jpg|/videos/frames/soleo-joelho-flexionado/soleo-joelho-flexionado-06.jpg|/videos/frames/soleo-joelho-flexionado/soleo-joelho-flexionado-07.jpg|/videos/frames/soleo-joelho-flexionado/soleo-joelho-flexionado-08.jpg","/videos/soleo-joelho-flexionado.mp4"
"soltar-tensao-pescoco-ombros","Soltar tensao de pescoco e ombros","75","8","0","","/videos/frames/soltar-tensao-pescoco-ombros/soltar-tensao-pescoco-ombros-01.jpg|/videos/frames/soltar-tensao-pescoco-ombros/soltar-tensao-pescoco-ombros-02.jpg|/videos/frames/soltar-tensao-pescoco-ombros/soltar-tensao-pescoco-ombros-03.jpg|/videos/frames/soltar-tensao-pescoco-ombros/soltar-tensao-pescoco-ombros-04.jpg|/videos/frames/soltar-tensao-pescoco-ombros/soltar-tensao-pescoco-ombros-05.jpg|/videos/frames/soltar-tensao-pescoco-ombros/soltar-tensao-pescoco-ombros-06.jpg|/videos/frames/soltar-tensao-pescoco-ombros/soltar-tensao-pescoco-ombros-07.jpg|/videos/frames/soltar-tensao-pescoco-ombros/soltar-tensao-pescoco-ombros-08.jpg","/videos/soltar-tensao-pescoco-ombros.mp4"
"torcao-lombar-leve","Torcao lombar leve","75","8","0","","/videos/frames/torcao-lombar-leve/torcao-lombar-leve-01.jpg|/videos/frames/torcao-lombar-leve/torcao-lombar-leve-02.jpg|/videos/frames/torcao-lombar-leve/torcao-lombar-leve-03.jpg|/videos/frames/torcao-lombar-leve/torcao-lombar-leve-04.jpg|/videos/frames/torcao-lombar-leve/torcao-lombar-leve-05.jpg|/videos/frames/torcao-lombar-leve/torcao-lombar-leve-06.jpg|/videos/frames/torcao-lombar-leve/torcao-lombar-leve-07.jpg|/videos/frames/torcao-lombar-leve/torcao-lombar-leve-08.jpg","/videos/torcao-lombar-leve.mp4"
"triceps-acima-cabeca","Triceps acima da cabeca","75","8","0","","/videos/frames/triceps-acima-cabeca/triceps-acima-cabeca-01.jpg|/videos/frames/triceps-acima-cabeca/triceps-acima-cabeca-02.jpg|/videos/frames/triceps-acima-cabeca/triceps-acima-cabeca-03.jpg|/videos/frames/triceps-acima-cabeca/triceps-acima-cabeca-04.jpg|/videos/frames/triceps-acima-cabeca/triceps-acima-cabeca-05.jpg|/videos/frames/triceps-acima-cabeca/triceps-acima-cabeca-06.jpg|/videos/frames/triceps-acima-cabeca/triceps-acima-cabeca-07.jpg|/videos/frames/triceps-acima-cabeca/triceps-acima-cabeca-08.jpg","/videos/triceps-acima-cabeca.mp4"
"missao-caminhada-consciente-indoor","Caminhada consciente indoor","180","8","0","","/videos/frames/missao-caminhada-consciente-indoor/missao-caminhada-consciente-indoor-01.jpg|/videos/frames/missao-caminhada-consciente-indoor/missao-caminhada-consciente-indoor-02.jpg|/videos/frames/missao-caminhada-consciente-indoor/missao-caminhada-consciente-indoor-03.jpg|/videos/frames/missao-caminhada-consciente-indoor/missao-caminhada-consciente-indoor-04.jpg|/videos/frames/missao-caminhada-consciente-indoor/missao-caminhada-consciente-indoor-05.jpg|/videos/frames/missao-caminhada-consciente-indoor/missao-caminhada-consciente-indoor-06.jpg|/videos/frames/missao-caminhada-consciente-indoor/missao-caminhada-consciente-indoor-07.jpg|/videos/frames/missao-caminhada-consciente-indoor/missao-caminhada-consciente-indoor-08.jpg","/videos/missao-caminhada-consciente-indoor.mp4"
"missao-desafio-gentil-de-sono","Desafio gentil de sono","120","6","0","","/videos/frames/missao-desafio-gentil-de-sono/missao-desafio-gentil-de-sono-01.jpg|/videos/frames/missao-desafio-gentil-de-sono/missao-desafio-gentil-de-sono-02.jpg|/videos/frames/missao-desafio-gentil-de-sono/missao-desafio-gentil-de-sono-03.jpg|/videos/frames/missao-desafio-gentil-de-sono/missao-desafio-gentil-de-sono-04.jpg|/videos/frames/missao-desafio-gentil-de-sono/missao-desafio-gentil-de-sono-05.jpg|/videos/frames/missao-desafio-gentil-de-sono/missao-desafio-gentil-de-sono-06.jpg","/videos/missao-desafio-gentil-de-sono.mp4"
"missao-diario-de-descarrego-mental","Diario de descarrego mental","90","6","0","","/videos/frames/missao-diario-de-descarrego-mental/missao-diario-de-descarrego-mental-01.jpg|/videos/frames/missao-diario-de-descarrego-mental/missao-diario-de-descarrego-mental-02.jpg|/videos/frames/missao-diario-de-descarrego-mental/missao-diario-de-descarrego-mental-03.jpg|/videos/frames/missao-diario-de-descarrego-mental/missao-diario-de-descarrego-mental-04.jpg|/videos/frames/missao-diario-de-descarrego-mental/missao-diario-de-descarrego-mental-05.jpg|/videos/frames/missao-diario-de-descarrego-mental/missao-diario-de-descarrego-mental-06.jpg","/videos/missao-diario-de-descarrego-mental.mp4"
"missao-fechamento-do-dia","Fechamento do dia","120","6","0","","/videos/frames/missao-fechamento-do-dia/missao-fechamento-do-dia-01.jpg|/videos/frames/missao-fechamento-do-dia/missao-fechamento-do-dia-02.jpg|/videos/frames/missao-fechamento-do-dia/missao-fechamento-do-dia-03.jpg|/videos/frames/missao-fechamento-do-dia/missao-fechamento-do-dia-04.jpg|/videos/frames/missao-fechamento-do-dia/missao-fechamento-do-dia-05.jpg|/videos/frames/missao-fechamento-do-dia/missao-fechamento-do-dia-06.jpg","/videos/missao-fechamento-do-dia.mp4"
"missao-gratidao-rapida","Gratidao rapida","90","6","0","","/videos/frames/missao-gratidao-rapida/missao-gratidao-rapida-01.jpg|/videos/frames/missao-gratidao-rapida/missao-gratidao-rapida-02.jpg|/videos/frames/missao-gratidao-rapida/missao-gratidao-rapida-03.jpg|/videos/frames/missao-gratidao-rapida/missao-gratidao-rapida-04.jpg|/videos/frames/missao-gratidao-rapida/missao-gratidao-rapida-05.jpg|/videos/frames/missao-gratidao-rapida/missao-gratidao-rapida-06.jpg","/videos/missao-gratidao-rapida.mp4"
"missao-mapa-pessoal-do-agora","Mapa pessoal do agora","90","6","0","","/videos/frames/missao-mapa-pessoal-do-agora/missao-mapa-pessoal-do-agora-01.jpg|/videos/frames/missao-mapa-pessoal-do-agora/missao-mapa-pessoal-do-agora-02.jpg|/videos/frames/missao-mapa-pessoal-do-agora/missao-mapa-pessoal-do-agora-03.jpg|/videos/frames/missao-mapa-pessoal-do-agora/missao-mapa-pessoal-do-agora-04.jpg|/videos/frames/missao-mapa-pessoal-do-agora/missao-mapa-pessoal-do-agora-05.jpg|/videos/frames/missao-mapa-pessoal-do-agora/missao-mapa-pessoal-do-agora-06.jpg","/videos/missao-mapa-pessoal-do-agora.mp4"
"missao-mobilidade-corpo-inteiro","Mobilidade corpo inteiro","240","8","0","","/videos/frames/missao-mobilidade-corpo-inteiro/missao-mobilidade-corpo-inteiro-01.jpg|/videos/frames/missao-mobilidade-corpo-inteiro/missao-mobilidade-corpo-inteiro-02.jpg|/videos/frames/missao-mobilidade-corpo-inteiro/missao-mobilidade-corpo-inteiro-03.jpg|/videos/frames/missao-mobilidade-corpo-inteiro/missao-mobilidade-corpo-inteiro-04.jpg|/videos/frames/missao-mobilidade-corpo-inteiro/missao-mobilidade-corpo-inteiro-05.jpg|/videos/frames/missao-mobilidade-corpo-inteiro/missao-mobilidade-corpo-inteiro-06.jpg|/videos/frames/missao-mobilidade-corpo-inteiro/missao-mobilidade-corpo-inteiro-07.jpg|/videos/frames/missao-mobilidade-corpo-inteiro/missao-mobilidade-corpo-inteiro-08.jpg","/videos/missao-mobilidade-corpo-inteiro.mp4"
"missao-modo-reuniao-dificil","Modo reuniao dificil","90","6","0","","/videos/frames/missao-modo-reuniao-dificil/missao-modo-reuniao-dificil-01.jpg|/videos/frames/missao-modo-reuniao-dificil/missao-modo-reuniao-dificil-02.jpg|/videos/frames/missao-modo-reuniao-dificil/missao-modo-reuniao-dificil-03.jpg|/videos/frames/missao-modo-reuniao-dificil/missao-modo-reuniao-dificil-04.jpg|/videos/frames/missao-modo-reuniao-dificil/missao-modo-reuniao-dificil-05.jpg|/videos/frames/missao-modo-reuniao-dificil/missao-modo-reuniao-dificil-06.jpg","/videos/missao-modo-reuniao-dificil.mp4"
"missao-organizacao-de-5-minutos","Organizacao de 5 minutos","90","6","0","","/videos/frames/missao-organizacao-de-5-minutos/missao-organizacao-de-5-minutos-01.jpg|/videos/frames/missao-organizacao-de-5-minutos/missao-organizacao-de-5-minutos-02.jpg|/videos/frames/missao-organizacao-de-5-minutos/missao-organizacao-de-5-minutos-03.jpg|/videos/frames/missao-organizacao-de-5-minutos/missao-organizacao-de-5-minutos-04.jpg|/videos/frames/missao-organizacao-de-5-minutos/missao-organizacao-de-5-minutos-05.jpg|/videos/frames/missao-organizacao-de-5-minutos/missao-organizacao-de-5-minutos-06.jpg","/videos/missao-organizacao-de-5-minutos.mp4"
"missao-pausa-de-ambiente","Pausa de ambiente","90","6","0","","/videos/frames/missao-pausa-de-ambiente/missao-pausa-de-ambiente-01.jpg|/videos/frames/missao-pausa-de-ambiente/missao-pausa-de-ambiente-02.jpg|/videos/frames/missao-pausa-de-ambiente/missao-pausa-de-ambiente-03.jpg|/videos/frames/missao-pausa-de-ambiente/missao-pausa-de-ambiente-04.jpg|/videos/frames/missao-pausa-de-ambiente/missao-pausa-de-ambiente-05.jpg|/videos/frames/missao-pausa-de-ambiente/missao-pausa-de-ambiente-06.jpg","/videos/missao-pausa-de-ambiente.mp4"
"missao-pausa-de-foco","Pausa de foco","90","6","0","","/videos/frames/missao-pausa-de-foco/missao-pausa-de-foco-01.jpg|/videos/frames/missao-pausa-de-foco/missao-pausa-de-foco-02.jpg|/videos/frames/missao-pausa-de-foco/missao-pausa-de-foco-03.jpg|/videos/frames/missao-pausa-de-foco/missao-pausa-de-foco-04.jpg|/videos/frames/missao-pausa-de-foco/missao-pausa-de-foco-05.jpg|/videos/frames/missao-pausa-de-foco/missao-pausa-de-foco-06.jpg","/videos/missao-pausa-de-foco.mp4"
"missao-planejamento-gentil-do-dia","Planejamento gentil do dia","90","6","0","","/videos/frames/missao-planejamento-gentil-do-dia/missao-planejamento-gentil-do-dia-01.jpg|/videos/frames/missao-planejamento-gentil-do-dia/missao-planejamento-gentil-do-dia-02.jpg|/videos/frames/missao-planejamento-gentil-do-dia/missao-planejamento-gentil-do-dia-03.jpg|/videos/frames/missao-planejamento-gentil-do-dia/missao-planejamento-gentil-do-dia-04.jpg|/videos/frames/missao-planejamento-gentil-do-dia/missao-planejamento-gentil-do-dia-05.jpg|/videos/frames/missao-planejamento-gentil-do-dia/missao-planejamento-gentil-do-dia-06.jpg","/videos/missao-planejamento-gentil-do-dia.mp4"
"missao-reset-de-foco","Reset de foco","90","6","0","","/videos/frames/missao-reset-de-foco/missao-reset-de-foco-01.jpg|/videos/frames/missao-reset-de-foco/missao-reset-de-foco-02.jpg|/videos/frames/missao-reset-de-foco/missao-reset-de-foco-03.jpg|/videos/frames/missao-reset-de-foco/missao-reset-de-foco-04.jpg|/videos/frames/missao-reset-de-foco/missao-reset-de-foco-05.jpg|/videos/frames/missao-reset-de-foco/missao-reset-de-foco-06.jpg","/videos/missao-reset-de-foco.mp4"
"missao-ritual-de-sono-sem-tela","Ritual de sono sem tela","120","6","0","","/videos/frames/missao-ritual-de-sono-sem-tela/missao-ritual-de-sono-sem-tela-01.jpg|/videos/frames/missao-ritual-de-sono-sem-tela/missao-ritual-de-sono-sem-tela-02.jpg|/videos/frames/missao-ritual-de-sono-sem-tela/missao-ritual-de-sono-sem-tela-03.jpg|/videos/frames/missao-ritual-de-sono-sem-tela/missao-ritual-de-sono-sem-tela-04.jpg|/videos/frames/missao-ritual-de-sono-sem-tela/missao-ritual-de-sono-sem-tela-05.jpg|/videos/frames/missao-ritual-de-sono-sem-tela/missao-ritual-de-sono-sem-tela-06.jpg","/videos/missao-ritual-de-sono-sem-tela.mp4"
"missao-treino-casa-calma","Treino casa-calma","180","8","0","","/videos/frames/missao-treino-casa-calma/missao-treino-casa-calma-01.jpg|/videos/frames/missao-treino-casa-calma/missao-treino-casa-calma-02.jpg|/videos/frames/missao-treino-casa-calma/missao-treino-casa-calma-03.jpg|/videos/frames/missao-treino-casa-calma/missao-treino-casa-calma-04.jpg|/videos/frames/missao-treino-casa-calma/missao-treino-casa-calma-05.jpg|/videos/frames/missao-treino-casa-calma/missao-treino-casa-calma-06.jpg|/videos/frames/missao-treino-casa-calma/missao-treino-casa-calma-07.jpg|/videos/frames/missao-treino-casa-calma/missao-treino-casa-calma-08.jpg","/videos/missao-treino-casa-calma.mp4"
"missao-trilha-voltar-ao-foco","Trilha voltar ao foco","90","6","0","","/videos/frames/missao-trilha-voltar-ao-foco/missao-trilha-voltar-ao-foco-01.jpg|/videos/frames/missao-trilha-voltar-ao-foco/missao-trilha-voltar-ao-foco-02.jpg|/videos/frames/missao-trilha-voltar-ao-foco/missao-trilha-voltar-ao-foco-03.jpg|/videos/frames/missao-trilha-voltar-ao-foco/missao-trilha-voltar-ao-foco-04.jpg|/videos/frames/missao-trilha-voltar-ao-foco/missao-trilha-voltar-ao-foco-05.jpg|/videos/frames/missao-trilha-voltar-ao-foco/missao-trilha-voltar-ao-foco-06.jpg","/videos/missao-trilha-voltar-ao-foco.mp4"
"missao-yoga-de-bolso-desacelerar","Yoga de bolso: desacelerar","240","8","0","","/videos/frames/missao-yoga-de-bolso-desacelerar/missao-yoga-de-bolso-desacelerar-01.jpg|/videos/frames/missao-yoga-de-bolso-desacelerar/missao-yoga-de-bolso-desacelerar-02.jpg|/videos/frames/missao-yoga-de-bolso-desacelerar/missao-yoga-de-bolso-desacelerar-03.jpg|/videos/frames/missao-yoga-de-bolso-desacelerar/missao-yoga-de-bolso-desacelerar-04.jpg|/videos/frames/missao-yoga-de-bolso-desacelerar/missao-yoga-de-bolso-desacelerar-05.jpg|/videos/frames/missao-yoga-de-bolso-desacelerar/missao-yoga-de-bolso-desacelerar-06.jpg|/videos/frames/missao-yoga-de-bolso-desacelerar/missao-yoga-de-bolso-desacelerar-07.jpg|/videos/frames/missao-yoga-de-bolso-desacelerar/missao-yoga-de-bolso-desacelerar-08.jpg","/videos/missao-yoga-de-bolso-desacelerar.mp4"
