"source","destination"
"public/instructional-images/fitness/core-conditioning/fitness_core_005_squats_step_01_standing.png","public/instructional-images/fitness/full-body/fitness_fullbody_003_squat_step_01_standing.png"
"public/instructional-images/fitness/core-conditioning/fitness_core_005_squats_step_01_standing.png","public/instructional-images/fitness/full-body/fitness_fullbody_003_squat_step_04_return.png"
"public/instructional-images/fitness/core-conditioning/fitness_core_005_squats_step_02_descend.png","public/instructional-images/fitness/full-body/fitness_fullbody_003_squat_step_02_descend.png"
"public/instructional-images/fitness/core-conditioning/fitness_core_005_squats_step_03_squat_position.png","public/instructional-images/fitness/full-body/fitness_fullbody_003_squat_step_03_squat_position.png"
"public/instructional-images/fitness/core-conditioning/fitness_core_005_squats_step_04_common_mistake.png","public/instructional-images/fitness/full-body/fitness_fullbody_003_squat_step_05_common_mistake.png"
"public/instructional-images/fitness/core-conditioning/fitness_core_005_squats_step_05_correction.png","public/instructional-images/fitness/full-body/fitness_fullbody_003_squat_step_06_correction.png"
"public/instructional-images/fitness/core-conditioning/fitness_core_008_forearm_plank_step_01_forearms_setup.png","public/instructional-images/fitness/full-body/fitness_fullbody_004_low_plank_abs_step_01_forearm_setup.png"
"public/instructional-images/fitness/core-conditioning/fitness_core_008_forearm_plank_step_02_legs_back.png","public/instructional-images/fitness/full-body/fitness_fullbody_004_low_plank_abs_step_02_legs_back.png"
"public/instructional-images/fitness/core-conditioning/fitness_core_008_forearm_plank_step_03_final_hold.png","public/instructional-images/fitness/full-body/fitness_fullbody_004_low_plank_abs_step_03_final_hold.png"
"public/instructional-images/fitness/core-conditioning/fitness_core_008_forearm_plank_step_04_common_mistake.png","public/instructional-images/fitness/full-body/fitness_fullbody_004_low_plank_abs_step_04_common_mistake.png"
"public/instructional-images/fitness/core-conditioning/fitness_core_008_forearm_plank_step_05_correction.png","public/instructional-images/fitness/full-body/fitness_fullbody_004_low_plank_abs_step_05_correction.png"
"public/instructional-images/mobility/spine-health/spine_health_001_cat_cow_step_01_tabletop.png","public/instructional-images/yoga/emotional-release/yoga_emotional_003_cat_cow_step_01_tabletop.png"
"public/instructional-images/mobility/spine-health/spine_health_001_cat_cow_step_02_cow_pose.png","public/instructional-images/yoga/emotional-release/yoga_emotional_003_cat_cow_step_02_cow_pose.png"
"public/instructional-images/mobility/spine-health/spine_health_001_cat_cow_step_03_cat_pose.png","public/instructional-images/yoga/anxiety-relief/yoga_anxiety_004_cat_pose_step_02_spine_rounding.png"
"public/instructional-images/mobility/spine-health/spine_health_001_cat_cow_step_03_cat_pose.png","public/instructional-images/yoga/anxiety-relief/yoga_anxiety_004_cat_pose_step_03_final.png"
"public/instructional-images/mobility/spine-health/spine_health_001_cat_cow_step_03_cat_pose.png","public/instructional-images/yoga/emotional-release/yoga_emotional_003_cat_cow_step_03_cat_pose.png"
"public/instructional-images/mobility/spine-health/spine_health_001_cat_cow_step_04_common_mistake.png","public/instructional-images/yoga/emotional-release/yoga_emotional_003_cat_cow_step_04_common_mistake.png"
"public/instructional-images/mobility/spine-health/spine_health_001_cat_cow_step_05_correction.png","public/instructional-images/yoga/emotional-release/yoga_emotional_003_cat_cow_step_05_correction.png"
"public/instructional-images/mobility/spine-health/spine_health_002_child_pose_step_01_kneeling.png","public/instructional-images/yoga/anxiety-relief/yoga_anxiety_002_child_pose_step_01_kneeling.png"
"public/instructional-images/mobility/spine-health/spine_health_002_child_pose_step_01_kneeling.png","public/instructional-images/yoga/emotional-release/yoga_emotional_001_balasana_step_01_kneeling.png"
"public/instructional-images/mobility/spine-health/spine_health_002_child_pose_step_01_kneeling.png","public/instructional-images/yoga/stress-relief-50-asanas/yoga_stress_012_052_balasana_step_01_start.png"
"public/instructional-images/mobility/spine-health/spine_health_002_child_pose_step_02_sit_back.png","public/instructional-images/yoga/anxiety-relief/yoga_anxiety_002_child_pose_step_02_sit_back.png"
"public/instructional-images/mobility/spine-health/spine_health_002_child_pose_step_02_sit_back.png","public/instructional-images/yoga/emotional-release/yoga_emotional_001_balasana_step_02_sit_back.png"
"public/instructional-images/mobility/spine-health/spine_health_002_child_pose_step_02_sit_back.png","public/instructional-images/yoga/stress-relief-50-asanas/yoga_stress_012_052_balasana_step_02_entry.png"
"public/instructional-images/mobility/spine-health/spine_health_002_child_pose_step_03_final.png","public/instructional-images/yoga/anxiety-relief/yoga_anxiety_002_child_pose_step_03_final.png"
"public/instructional-images/mobility/spine-health/spine_health_002_child_pose_step_03_final.png","public/instructional-images/yoga/emotional-release/yoga_emotional_001_balasana_step_03_final.png"
"public/instructional-images/mobility/spine-health/spine_health_002_child_pose_step_03_final.png","public/instructional-images/yoga/stress-relief-50-asanas/yoga_stress_012_052_balasana_step_03_final.png"
"public/instructional-images/mobility/spine-health/spine_health_002_child_pose_step_04_common_mistake.png","public/instructional-images/yoga/anxiety-relief/yoga_anxiety_002_child_pose_step_04_common_mistake.png"
"public/instructional-images/mobility/spine-health/spine_health_002_child_pose_step_04_common_mistake.png","public/instructional-images/yoga/emotional-release/yoga_emotional_001_balasana_step_04_common_mistake.png"
"public/instructional-images/mobility/spine-health/spine_health_002_child_pose_step_04_common_mistake.png","public/instructional-images/yoga/stress-relief-50-asanas/yoga_stress_012_052_balasana_step_04_common_mistake.png"
"public/instructional-images/mobility/spine-health/spine_health_002_child_pose_step_05_correction.png","public/instructional-images/yoga/anxiety-relief/yoga_anxiety_002_child_pose_step_05_correction.png"
"public/instructional-images/mobility/spine-health/spine_health_002_child_pose_step_05_correction.png","public/instructional-images/yoga/emotional-release/yoga_emotional_001_balasana_step_05_correction.png"
"public/instructional-images/mobility/spine-health/spine_health_002_child_pose_step_05_correction.png","public/instructional-images/yoga/stress-relief-50-asanas/yoga_stress_012_052_balasana_step_05_correction.png"
"public/instructional-images/mobility/split-prep/mobility_split_005_cabeca_ao_joelho_step_01_start.png","public/instructional-images/yoga/stress-relief-50-asanas/yoga_stress_012_019_flexao_em_pe_a_step_01_start.png"
"public/instructional-images/mobility/split-prep/mobility_split_005_cabeca_ao_joelho_step_02_one_knee_bent.png","public/instructional-images/yoga/stress-relief-50-asanas/yoga_stress_012_019_flexao_em_pe_a_step_02_entry.png"
"public/instructional-images/mobility/split-prep/mobility_split_005_cabeca_ao_joelho_step_03_reach_forward.png","public/instructional-images/yoga/stress-relief-50-asanas/yoga_stress_012_019_flexao_em_pe_a_step_03_transition.png"
"public/instructional-images/mobility/split-prep/mobility_split_005_cabeca_ao_joelho_step_04_final.png","public/instructional-images/yoga/stress-relief-50-asanas/yoga_stress_012_019_flexao_em_pe_a_step_04_final.png"
"public/instructional-images/mobility/split-prep/mobility_split_005_cabeca_ao_joelho_step_05_common_mistake.png","public/instructional-images/yoga/stress-relief-50-asanas/yoga_stress_012_019_flexao_em_pe_a_step_05_common_mistake.png"
"public/instructional-images/mobility/split-prep/mobility_split_005_cabeca_ao_joelho_step_06_correction.png","public/instructional-images/yoga/stress-relief-50-asanas/yoga_stress_012_019_flexao_em_pe_a_step_06_correction.png"
"public/instructional-images/yoga/chakra-flow/chakra_crown_025_padmasana_step_01_start.png","public/instructional-images/yoga/stress-relief-50-asanas/yoga_stress_012_012_padmasana_step_01_start.png"
"public/instructional-images/yoga/chakra-flow/chakra_crown_025_padmasana_step_02_entry.png","public/instructional-images/yoga/stress-relief-50-asanas/yoga_stress_012_012_padmasana_step_02_entry.png"
"public/instructional-images/yoga/chakra-flow/chakra_crown_025_padmasana_step_03_final.png","public/instructional-images/yoga/stress-relief-50-asanas/yoga_stress_012_012_padmasana_step_03_final.png"
"public/instructional-images/yoga/chakra-flow/chakra_crown_025_padmasana_step_04_common_mistake.png","public/instructional-images/yoga/stress-relief-50-asanas/yoga_stress_012_012_padmasana_step_04_common_mistake.png"
"public/instructional-images/yoga/chakra-flow/chakra_crown_025_padmasana_step_05_correction.png","public/instructional-images/yoga/stress-relief-50-asanas/yoga_stress_012_012_padmasana_step_05_correction.png"
"public/instructional-images/yoga/chakra-flow/chakra_crown_027_savasana_step_01_start.png","public/instructional-images/yoga/stress-relief-50-asanas/yoga_stress_012_057_savasana_step_01_start.png"
"public/instructional-images/yoga/chakra-flow/chakra_crown_027_savasana_step_02_entry.png","public/instructional-images/yoga/stress-relief-50-asanas/yoga_stress_012_057_savasana_step_02_entry.png"
"public/instructional-images/yoga/chakra-flow/chakra_crown_027_savasana_step_03_final.png","public/instructional-images/yoga/stress-relief-50-asanas/yoga_stress_012_057_savasana_step_03_final.png"
"public/instructional-images/yoga/chakra-flow/chakra_crown_027_savasana_step_04_common_mistake.png","public/instructional-images/yoga/stress-relief-50-asanas/yoga_stress_012_057_savasana_step_04_common_mistake.png"
"public/instructional-images/yoga/chakra-flow/chakra_crown_027_savasana_step_05_correction.png","public/instructional-images/yoga/stress-relief-50-asanas/yoga_stress_012_057_savasana_step_05_correction.png"
"public/instructional-images/yoga/chakra-flow/chakra_root_001_tadasana_step_01_start.png","public/instructional-images/yoga/stress-relief-50-asanas/yoga_stress_012_001_tadasana_step_01_start.png"
"public/instructional-images/yoga/chakra-flow/chakra_root_001_tadasana_step_02_entry.png","public/instructional-images/yoga/stress-relief-50-asanas/yoga_stress_012_001_tadasana_step_02_entry.png"
"public/instructional-images/yoga/chakra-flow/chakra_root_001_tadasana_step_03_final.png","public/instructional-images/yoga/stress-relief-50-asanas/yoga_stress_012_001_tadasana_step_03_final.png"
"public/instructional-images/yoga/chakra-flow/chakra_root_001_tadasana_step_04_common_mistake.png","public/instructional-images/yoga/stress-relief-50-asanas/yoga_stress_012_001_tadasana_step_04_common_mistake.png"
"public/instructional-images/yoga/chakra-flow/chakra_root_001_tadasana_step_05_correction.png","public/instructional-images/yoga/stress-relief-50-asanas/yoga_stress_012_001_tadasana_step_05_correction.png"
"public/instructional-images/yoga/chakra-flow/chakra_thirdeye_022_dolphin_pose_step_01_start.png","public/instructional-images/yoga/anxiety-relief/yoga_anxiety_005_dolphin_pose_step_01_tabletop.png"
"public/instructional-images/yoga/chakra-flow/chakra_thirdeye_022_dolphin_pose_step_02_entry.png","public/instructional-images/yoga/anxiety-relief/yoga_anxiety_005_dolphin_pose_step_02_forearms_down.png"
"public/instructional-images/yoga/chakra-flow/chakra_thirdeye_022_dolphin_pose_step_03_final.png","public/instructional-images/yoga/anxiety-relief/yoga_anxiety_005_dolphin_pose_step_04_final.png"
"public/instructional-images/yoga/chakra-flow/chakra_thirdeye_022_dolphin_pose_step_04_common_mistake.png","public/instructional-images/yoga/anxiety-relief/yoga_anxiety_005_dolphin_pose_step_05_common_mistake.png"
"public/instructional-images/yoga/chakra-flow/chakra_thirdeye_022_dolphin_pose_step_05_correction.png","public/instructional-images/yoga/anxiety-relief/yoga_anxiety_005_dolphin_pose_step_06_correction.png"
"public/instructional-images/yoga/hormonal-balance/yoga_hormonal_001_borboleta_step_01_start.png","public/instructional-images/yoga/anxiety-relief/yoga_anxiety_001_butterfly_step_01_seated_start.png"
"public/instructional-images/yoga/hormonal-balance/yoga_hormonal_001_borboleta_step_01_start.png","public/instructional-images/yoga/energy-recovery/yoga_energy_recovery_004_baddha_konasana_step_01_seated_start.png"
"public/instructional-images/yoga/hormonal-balance/yoga_hormonal_001_borboleta_step_01_start.png","public/instructional-images/yoga/stress-relief-50-asanas/yoga_stress_012_010_baddha_konasana_a_step_01_start.png"
"public/instructional-images/yoga/hormonal-balance/yoga_hormonal_001_borboleta_step_01_start.png","public/instructional-images/yoga/stress-relief-50-asanas/yoga_stress_012_016_baddha_konasana_b_step_01_start.png"
"public/instructional-images/yoga/hormonal-balance/yoga_hormonal_001_borboleta_step_03_feet_together.png","public/instructional-images/yoga/anxiety-relief/yoga_anxiety_001_butterfly_step_02_feet_together.png"
"public/instructional-images/yoga/hormonal-balance/yoga_hormonal_001_borboleta_step_03_feet_together.png","public/instructional-images/yoga/energy-recovery/yoga_energy_recovery_004_baddha_konasana_step_02_feet_together.png"
"public/instructional-images/yoga/hormonal-balance/yoga_hormonal_001_borboleta_step_03_feet_together.png","public/instructional-images/yoga/stress-relief-50-asanas/yoga_stress_012_010_baddha_konasana_a_step_02_entry.png"
"public/instructional-images/yoga/hormonal-balance/yoga_hormonal_001_borboleta_step_03_feet_together.png","public/instructional-images/yoga/stress-relief-50-asanas/yoga_stress_012_016_baddha_konasana_b_step_02_entry.png"
"public/instructional-images/yoga/hormonal-balance/yoga_hormonal_001_borboleta_step_04_final.png","public/instructional-images/yoga/anxiety-relief/yoga_anxiety_001_butterfly_step_03_final.png"
"public/instructional-images/yoga/hormonal-balance/yoga_hormonal_001_borboleta_step_04_final.png","public/instructional-images/yoga/energy-recovery/yoga_energy_recovery_004_baddha_konasana_step_03_final.png"
"public/instructional-images/yoga/hormonal-balance/yoga_hormonal_001_borboleta_step_04_final.png","public/instructional-images/yoga/stress-relief-50-asanas/yoga_stress_012_010_baddha_konasana_a_step_03_final.png"
"public/instructional-images/yoga/hormonal-balance/yoga_hormonal_001_borboleta_step_04_final.png","public/instructional-images/yoga/stress-relief-50-asanas/yoga_stress_012_016_baddha_konasana_b_step_03_final.png"
"public/instructional-images/yoga/hormonal-balance/yoga_hormonal_001_borboleta_step_05_common_mistake.png","public/instructional-images/yoga/anxiety-relief/yoga_anxiety_001_butterfly_step_04_common_mistake.png"
"public/instructional-images/yoga/hormonal-balance/yoga_hormonal_001_borboleta_step_05_common_mistake.png","public/instructional-images/yoga/energy-recovery/yoga_energy_recovery_004_baddha_konasana_step_04_common_mistake.png"
"public/instructional-images/yoga/hormonal-balance/yoga_hormonal_001_borboleta_step_05_common_mistake.png","public/instructional-images/yoga/stress-relief-50-asanas/yoga_stress_012_010_baddha_konasana_a_step_04_common_mistake.png"
"public/instructional-images/yoga/hormonal-balance/yoga_hormonal_001_borboleta_step_05_common_mistake.png","public/instructional-images/yoga/stress-relief-50-asanas/yoga_stress_012_016_baddha_konasana_b_step_04_common_mistake.png"
"public/instructional-images/yoga/hormonal-balance/yoga_hormonal_001_borboleta_step_06_correction.png","public/instructional-images/yoga/anxiety-relief/yoga_anxiety_001_butterfly_step_05_correction.png"
"public/instructional-images/yoga/hormonal-balance/yoga_hormonal_001_borboleta_step_06_correction.png","public/instructional-images/yoga/energy-recovery/yoga_energy_recovery_004_baddha_konasana_step_05_correction.png"
"public/instructional-images/yoga/hormonal-balance/yoga_hormonal_001_borboleta_step_06_correction.png","public/instructional-images/yoga/stress-relief-50-asanas/yoga_stress_012_010_baddha_konasana_a_step_05_correction.png"
"public/instructional-images/yoga/hormonal-balance/yoga_hormonal_001_borboleta_step_06_correction.png","public/instructional-images/yoga/stress-relief-50-asanas/yoga_stress_012_016_baddha_konasana_b_step_05_correction.png"
"public/instructional-images/yoga/hormonal-balance/yoga_hormonal_002_borboleta_reclinada_step_01_start.png","public/instructional-images/yoga/stress-relief-50-asanas/yoga_stress_012_056_supta_baddha_konasana_step_01_start.png"
"public/instructional-images/yoga/hormonal-balance/yoga_hormonal_002_borboleta_reclinada_step_02_feet_together_knees_open.png","public/instructional-images/yoga/stress-relief-50-asanas/yoga_stress_012_056_supta_baddha_konasana_step_02_entry.png"
"public/instructional-images/yoga/hormonal-balance/yoga_hormonal_002_borboleta_reclinada_step_03_final.png","public/instructional-images/yoga/stress-relief-50-asanas/yoga_stress_012_056_supta_baddha_konasana_step_03_final.png"
"public/instructional-images/yoga/hormonal-balance/yoga_hormonal_002_borboleta_reclinada_step_04_common_mistake.png","public/instructional-images/yoga/stress-relief-50-asanas/yoga_stress_012_056_supta_baddha_konasana_step_04_common_mistake.png"
"public/instructional-images/yoga/hormonal-balance/yoga_hormonal_002_borboleta_reclinada_step_05_correction.png","public/instructional-images/yoga/stress-relief-50-asanas/yoga_stress_012_056_supta_baddha_konasana_step_05_correction.png"
"public/instructional-images/yoga/hormonal-balance/yoga_hormonal_003_malasana_step_01_start.png","public/instructional-images/yoga/stress-relief-50-asanas/yoga_stress_012_008_malasana_step_01_start.png"
"public/instructional-images/yoga/hormonal-balance/yoga_hormonal_003_malasana_step_02_descend.png","public/instructional-images/yoga/stress-relief-50-asanas/yoga_stress_012_008_malasana_step_02_entry.png"
"public/instructional-images/yoga/hormonal-balance/yoga_hormonal_003_malasana_step_04_final.png","public/instructional-images/yoga/stress-relief-50-asanas/yoga_stress_012_008_malasana_step_03_final.png"
"public/instructional-images/yoga/hormonal-balance/yoga_hormonal_003_malasana_step_05_common_mistake.png","public/instructional-images/yoga/stress-relief-50-asanas/yoga_stress_012_008_malasana_step_04_common_mistake.png"
"public/instructional-images/yoga/hormonal-balance/yoga_hormonal_003_malasana_step_06_correction.png","public/instructional-images/yoga/stress-relief-50-asanas/yoga_stress_012_008_malasana_step_05_correction.png"
"public/instructional-images/yoga/hormonal-balance/yoga_hormonal_005_marjariasana_step_01_tabletop.png","public/instructional-images/yoga/anxiety-relief/yoga_anxiety_004_cat_pose_step_01_tabletop.png"
"public/instructional-images/yoga/hormonal-balance/yoga_hormonal_005_marjariasana_step_04_common_mistake.png","public/instructional-images/yoga/anxiety-relief/yoga_anxiety_004_cat_pose_step_04_common_mistake.png"
"public/instructional-images/yoga/hormonal-balance/yoga_hormonal_005_marjariasana_step_05_correction.png","public/instructional-images/yoga/anxiety-relief/yoga_anxiety_004_cat_pose_step_05_correction.png"
"public/instructional-images/yoga/hormonal-balance/yoga_hormonal_006_bitilasana_step_01_tabletop.png","public/instructional-images/yoga/anxiety-relief/yoga_anxiety_003_cow_pose_step_01_tabletop.png"
"public/instructional-images/yoga/hormonal-balance/yoga_hormonal_006_bitilasana_step_01_tabletop.png","public/instructional-images/yoga/stress-relief-50-asanas/yoga_stress_012_028_bitilasana_step_01_start.png"
"public/instructional-images/yoga/hormonal-balance/yoga_hormonal_006_bitilasana_step_02_chest_forward.png","public/instructional-images/yoga/anxiety-relief/yoga_anxiety_003_cow_pose_step_02_chest_forward.png"
"public/instructional-images/yoga/hormonal-balance/yoga_hormonal_006_bitilasana_step_02_chest_forward.png","public/instructional-images/yoga/stress-relief-50-asanas/yoga_stress_012_028_bitilasana_step_02_entry.png"
"public/instructional-images/yoga/hormonal-balance/yoga_hormonal_006_bitilasana_step_03_final.png","public/instructional-images/yoga/anxiety-relief/yoga_anxiety_003_cow_pose_step_03_final.png"
"public/instructional-images/yoga/hormonal-balance/yoga_hormonal_006_bitilasana_step_03_final.png","public/instructional-images/yoga/stress-relief-50-asanas/yoga_stress_012_028_bitilasana_step_03_final.png"
"public/instructional-images/yoga/hormonal-balance/yoga_hormonal_006_bitilasana_step_04_common_mistake.png","public/instructional-images/yoga/anxiety-relief/yoga_anxiety_003_cow_pose_step_04_common_mistake.png"
"public/instructional-images/yoga/hormonal-balance/yoga_hormonal_006_bitilasana_step_04_common_mistake.png","public/instructional-images/yoga/stress-relief-50-asanas/yoga_stress_012_028_bitilasana_step_04_common_mistake.png"
"public/instructional-images/yoga/hormonal-balance/yoga_hormonal_006_bitilasana_step_05_correction.png","public/instructional-images/yoga/anxiety-relief/yoga_anxiety_003_cow_pose_step_05_correction.png"
"public/instructional-images/yoga/hormonal-balance/yoga_hormonal_006_bitilasana_step_05_correction.png","public/instructional-images/yoga/stress-relief-50-asanas/yoga_stress_012_028_bitilasana_step_05_correction.png"
"public/instructional-images/yoga/hormonal-balance/yoga_hormonal_008_setu_bandhasana_step_01_lie_down.png","public/instructional-images/yoga/emotional-release/yoga_emotional_007_bridge_step_01_lie_down.png"
"public/instructional-images/yoga/hormonal-balance/yoga_hormonal_008_setu_bandhasana_step_01_lie_down.png","public/instructional-images/yoga/stress-relief-50-asanas/yoga_stress_012_033_setu_bandhasana_step_01_start.png"
"public/instructional-images/yoga/hormonal-balance/yoga_hormonal_008_setu_bandhasana_step_03_hips_lift.png","public/instructional-images/yoga/emotional-release/yoga_emotional_007_bridge_step_02_hips_lift.png"
"public/instructional-images/yoga/hormonal-balance/yoga_hormonal_008_setu_bandhasana_step_03_hips_lift.png","public/instructional-images/yoga/stress-relief-50-asanas/yoga_stress_012_033_setu_bandhasana_step_02_entry.png"
"public/instructional-images/yoga/hormonal-balance/yoga_hormonal_008_setu_bandhasana_step_04_final.png","public/instructional-images/yoga/emotional-release/yoga_emotional_007_bridge_step_03_final.png"
"public/instructional-images/yoga/hormonal-balance/yoga_hormonal_008_setu_bandhasana_step_04_final.png","public/instructional-images/yoga/stress-relief-50-asanas/yoga_stress_012_033_setu_bandhasana_step_03_final.png"
"public/instructional-images/yoga/hormonal-balance/yoga_hormonal_008_setu_bandhasana_step_05_common_mistake.png","public/instructional-images/yoga/emotional-release/yoga_emotional_007_bridge_step_04_common_mistake.png"
"public/instructional-images/yoga/hormonal-balance/yoga_hormonal_008_setu_bandhasana_step_05_common_mistake.png","public/instructional-images/yoga/stress-relief-50-asanas/yoga_stress_012_033_setu_bandhasana_step_04_common_mistake.png"
"public/instructional-images/yoga/hormonal-balance/yoga_hormonal_008_setu_bandhasana_step_06_correction.png","public/instructional-images/yoga/emotional-release/yoga_emotional_007_bridge_step_05_correction.png"
"public/instructional-images/yoga/hormonal-balance/yoga_hormonal_008_setu_bandhasana_step_06_correction.png","public/instructional-images/yoga/stress-relief-50-asanas/yoga_stress_012_033_setu_bandhasana_step_05_correction.png"
"public/instructional-images/yoga/hormonal-balance/yoga_hormonal_009_ustrasana_step_01_kneeling.png","public/instructional-images/yoga/emotional-release/yoga_emotional_008_camel_pose_step_01_kneeling.png"
"public/instructional-images/yoga/hormonal-balance/yoga_hormonal_009_ustrasana_step_01_kneeling.png","public/instructional-images/yoga/energy-recovery/yoga_energy_recovery_005_ustrasana_step_01_kneeling.png"
"public/instructional-images/yoga/hormonal-balance/yoga_hormonal_009_ustrasana_step_02_hands_to_back.png","public/instructional-images/yoga/emotional-release/yoga_emotional_008_camel_pose_step_02_hands_to_back.png"
"public/instructional-images/yoga/hormonal-balance/yoga_hormonal_009_ustrasana_step_02_hands_to_back.png","public/instructional-images/yoga/energy-recovery/yoga_energy_recovery_005_ustrasana_step_02_hands_to_back.png"
"public/instructional-images/yoga/hormonal-balance/yoga_hormonal_009_ustrasana_step_03_chest_open.png","public/instructional-images/yoga/emotional-release/yoga_emotional_008_camel_pose_step_03_chest_open.png"
"public/instructional-images/yoga/hormonal-balance/yoga_hormonal_009_ustrasana_step_03_chest_open.png","public/instructional-images/yoga/energy-recovery/yoga_energy_recovery_005_ustrasana_step_03_chest_open.png"
"public/instructional-images/yoga/hormonal-balance/yoga_hormonal_009_ustrasana_step_04_final.png","public/instructional-images/yoga/emotional-release/yoga_emotional_008_camel_pose_step_04_final.png"
"public/instructional-images/yoga/hormonal-balance/yoga_hormonal_009_ustrasana_step_04_final.png","public/instructional-images/yoga/energy-recovery/yoga_energy_recovery_005_ustrasana_step_04_final.png"
"public/instructional-images/yoga/hormonal-balance/yoga_hormonal_009_ustrasana_step_05_common_mistake.png","public/instructional-images/yoga/emotional-release/yoga_emotional_008_camel_pose_step_05_common_mistake.png"
"public/instructional-images/yoga/hormonal-balance/yoga_hormonal_009_ustrasana_step_05_common_mistake.png","public/instructional-images/yoga/energy-recovery/yoga_energy_recovery_005_ustrasana_step_05_common_mistake.png"
"public/instructional-images/yoga/hormonal-balance/yoga_hormonal_009_ustrasana_step_06_correction.png","public/instructional-images/yoga/emotional-release/yoga_emotional_008_camel_pose_step_06_correction.png"
"public/instructional-images/yoga/hormonal-balance/yoga_hormonal_009_ustrasana_step_06_correction.png","public/instructional-images/yoga/energy-recovery/yoga_energy_recovery_005_ustrasana_step_06_correction.png"
"public/instructional-images/yoga/hormonal-balance/yoga_hormonal_011_trikonasana_step_01_wide_stance.png","public/instructional-images/yoga/stress-relief-50-asanas/yoga_stress_012_006_trikonasana_step_01_start.png"
"public/instructional-images/yoga/hormonal-balance/yoga_hormonal_011_trikonasana_step_02_arms_open.png","public/instructional-images/yoga/stress-relief-50-asanas/yoga_stress_012_006_trikonasana_step_02_entry.png"
"public/instructional-images/yoga/hormonal-balance/yoga_hormonal_011_trikonasana_step_03_side_reach.png","public/instructional-images/yoga/stress-relief-50-asanas/yoga_stress_012_006_trikonasana_step_03_transition.png"
"public/instructional-images/yoga/hormonal-balance/yoga_hormonal_011_trikonasana_step_04_final.png","public/instructional-images/yoga/stress-relief-50-asanas/yoga_stress_012_006_trikonasana_step_04_final.png"
"public/instructional-images/yoga/hormonal-balance/yoga_hormonal_011_trikonasana_step_05_common_mistake.png","public/instructional-images/yoga/stress-relief-50-asanas/yoga_stress_012_006_trikonasana_step_05_common_mistake.png"
"public/instructional-images/yoga/hormonal-balance/yoga_hormonal_011_trikonasana_step_06_correction.png","public/instructional-images/yoga/stress-relief-50-asanas/yoga_stress_012_006_trikonasana_step_06_correction.png"
"public/instructional-images/yoga/hormonal-balance/yoga_hormonal_013_paschimottanasana_step_01_seated.png","public/instructional-images/yoga/stress-relief-50-asanas/yoga_stress_012_022_paschimottanasana_step_01_start.png"
"public/instructional-images/yoga/hormonal-balance/yoga_hormonal_013_paschimottanasana_step_02_arms_forward.png","public/instructional-images/yoga/stress-relief-50-asanas/yoga_stress_012_022_paschimottanasana_step_02_entry.png"
"public/instructional-images/yoga/hormonal-balance/yoga_hormonal_013_paschimottanasana_step_03_final.png","public/instructional-images/yoga/stress-relief-50-asanas/yoga_stress_012_022_paschimottanasana_step_03_final.png"
"public/instructional-images/yoga/hormonal-balance/yoga_hormonal_013_paschimottanasana_step_04_common_mistake.png","public/instructional-images/yoga/stress-relief-50-asanas/yoga_stress_012_022_paschimottanasana_step_04_common_mistake.png"
"public/instructional-images/yoga/hormonal-balance/yoga_hormonal_013_paschimottanasana_step_05_correction.png","public/instructional-images/yoga/stress-relief-50-asanas/yoga_stress_012_022_paschimottanasana_step_05_correction.png"
"public/instructional-images/yoga/hormonal-balance/yoga_hormonal_015_pavanamuktasana_step_01_lie_down.png","public/instructional-images/yoga/stress-relief-50-asanas/yoga_stress_012_053_pavanamuktasana_step_01_start.png"
"public/instructional-images/yoga/hormonal-balance/yoga_hormonal_015_pavanamuktasana_step_02_knees_to_chest.png","public/instructional-images/yoga/stress-relief-50-asanas/yoga_stress_012_053_pavanamuktasana_step_02_entry.png"
"public/instructional-images/yoga/hormonal-balance/yoga_hormonal_015_pavanamuktasana_step_03_final.png","public/instructional-images/yoga/stress-relief-50-asanas/yoga_stress_012_053_pavanamuktasana_step_03_final.png"
"public/instructional-images/yoga/hormonal-balance/yoga_hormonal_015_pavanamuktasana_step_04_common_mistake.png","public/instructional-images/yoga/stress-relief-50-asanas/yoga_stress_012_053_pavanamuktasana_step_04_common_mistake.png"
"public/instructional-images/yoga/hormonal-balance/yoga_hormonal_015_pavanamuktasana_step_05_correction.png","public/instructional-images/yoga/stress-relief-50-asanas/yoga_stress_012_053_pavanamuktasana_step_05_correction.png"
"public/instructional-images/yoga/hormonal-balance/yoga_hormonal_016_viparita_karani_step_01_sit_near_wall.png","public/instructional-images/yoga/stress-relief-50-asanas/yoga_stress_012_043_viparita_karani_step_01_start.png"
"public/instructional-images/yoga/hormonal-balance/yoga_hormonal_016_viparita_karani_step_01_sit_near_wall.png","public/instructional-images/yoga/stress-relief-50-asanas/yoga_stress_012_054_postura_restaurativa_supina_provavel_step_01_start.png"
"public/instructional-images/yoga/hormonal-balance/yoga_hormonal_016_viparita_karani_step_02_legs_up.png","public/instructional-images/yoga/stress-relief-50-asanas/yoga_stress_012_043_viparita_karani_step_02_entry.png"
"public/instructional-images/yoga/hormonal-balance/yoga_hormonal_016_viparita_karani_step_02_legs_up.png","public/instructional-images/yoga/stress-relief-50-asanas/yoga_stress_012_054_postura_restaurativa_supina_provavel_step_02_entry.png"
"public/instructional-images/yoga/hormonal-balance/yoga_hormonal_016_viparita_karani_step_04_final.png","public/instructional-images/yoga/stress-relief-50-asanas/yoga_stress_012_043_viparita_karani_step_03_final.png"
"public/instructional-images/yoga/hormonal-balance/yoga_hormonal_016_viparita_karani_step_04_final.png","public/instructional-images/yoga/stress-relief-50-asanas/yoga_stress_012_054_postura_restaurativa_supina_provavel_step_03_final.png"
"public/instructional-images/yoga/hormonal-balance/yoga_hormonal_016_viparita_karani_step_05_common_mistake.png","public/instructional-images/yoga/stress-relief-50-asanas/yoga_stress_012_043_viparita_karani_step_04_common_mistake.png"
"public/instructional-images/yoga/hormonal-balance/yoga_hormonal_016_viparita_karani_step_05_common_mistake.png","public/instructional-images/yoga/stress-relief-50-asanas/yoga_stress_012_054_postura_restaurativa_supina_provavel_step_04_common_mistake.png"
"public/instructional-images/yoga/hormonal-balance/yoga_hormonal_016_viparita_karani_step_06_correction.png","public/instructional-images/yoga/stress-relief-50-asanas/yoga_stress_012_043_viparita_karani_step_05_correction.png"
"public/instructional-images/yoga/hormonal-balance/yoga_hormonal_016_viparita_karani_step_06_correction.png","public/instructional-images/yoga/stress-relief-50-asanas/yoga_stress_012_054_postura_restaurativa_supina_provavel_step_05_correction.png"
"public/instructional-images/yoga/hormonal-balance/yoga_hormonal_018_matsyasana_step_01_lie_down.png","public/instructional-images/yoga/stress-relief-50-asanas/yoga_stress_012_031_extensao_provavel_step_01_start.png"
"public/instructional-images/yoga/hormonal-balance/yoga_hormonal_018_matsyasana_step_03_chest_lift.png","public/instructional-images/yoga/stress-relief-50-asanas/yoga_stress_012_031_extensao_provavel_step_02_entry.png"
"public/instructional-images/yoga/hormonal-balance/yoga_hormonal_018_matsyasana_step_04_final.png","public/instructional-images/yoga/stress-relief-50-asanas/yoga_stress_012_031_extensao_provavel_step_03_final.png"
"public/instructional-images/yoga/hormonal-balance/yoga_hormonal_018_matsyasana_step_05_common_mistake.png","public/instructional-images/yoga/stress-relief-50-asanas/yoga_stress_012_031_extensao_provavel_step_04_common_mistake.png"
"public/instructional-images/yoga/hormonal-balance/yoga_hormonal_018_matsyasana_step_06_correction.png","public/instructional-images/yoga/stress-relief-50-asanas/yoga_stress_012_031_extensao_provavel_step_05_correction.png"
"public/instructional-images/yoga/stress-relief-50-asanas/yoga_stress_012_001_tadasana_step_01_start.png","public/instructional-images/yoga/anxiety-relief/yoga_anxiety_007_mountain_pose_step_01_standing.png"
"public/instructional-images/yoga/stress-relief-50-asanas/yoga_stress_012_001_tadasana_step_01_start.png","public/instructional-images/yoga/energy-recovery/yoga_energy_recovery_001_tadasana_step_01_standing.png"
"public/instructional-images/yoga/stress-relief-50-asanas/yoga_stress_012_001_tadasana_step_02_entry.png","public/instructional-images/yoga/anxiety-relief/yoga_anxiety_007_mountain_pose_step_02_alignment.png"
"public/instructional-images/yoga/stress-relief-50-asanas/yoga_stress_012_001_tadasana_step_02_entry.png","public/instructional-images/yoga/energy-recovery/yoga_energy_recovery_001_tadasana_step_02_alignment.png"
"public/instructional-images/yoga/stress-relief-50-asanas/yoga_stress_012_001_tadasana_step_03_final.png","public/instructional-images/yoga/anxiety-relief/yoga_anxiety_007_mountain_pose_step_03_final.png"
"public/instructional-images/yoga/stress-relief-50-asanas/yoga_stress_012_001_tadasana_step_03_final.png","public/instructional-images/yoga/energy-recovery/yoga_energy_recovery_001_tadasana_step_03_final.png"
"public/instructional-images/yoga/stress-relief-50-asanas/yoga_stress_012_001_tadasana_step_04_common_mistake.png","public/instructional-images/yoga/anxiety-relief/yoga_anxiety_007_mountain_pose_step_04_common_mistake.png"
"public/instructional-images/yoga/stress-relief-50-asanas/yoga_stress_012_001_tadasana_step_04_common_mistake.png","public/instructional-images/yoga/energy-recovery/yoga_energy_recovery_001_tadasana_step_04_common_mistake.png"
"public/instructional-images/yoga/stress-relief-50-asanas/yoga_stress_012_001_tadasana_step_05_correction.png","public/instructional-images/yoga/anxiety-relief/yoga_anxiety_007_mountain_pose_step_05_correction.png"
"public/instructional-images/yoga/stress-relief-50-asanas/yoga_stress_012_001_tadasana_step_05_correction.png","public/instructional-images/yoga/energy-recovery/yoga_energy_recovery_001_tadasana_step_05_correction.png"
"public/instructional-images/yoga/stress-relief-50-asanas/yoga_stress_012_002_vrikshasana_step_01_start.png","public/instructional-images/yoga/anxiety-relief/yoga_anxiety_008_tree_pose_step_01_mountain_start.png"
"public/instructional-images/yoga/stress-relief-50-asanas/yoga_stress_012_002_vrikshasana_step_02_entry.png","public/instructional-images/yoga/anxiety-relief/yoga_anxiety_008_tree_pose_step_02_foot_to_leg.png"
"public/instructional-images/yoga/stress-relief-50-asanas/yoga_stress_012_002_vrikshasana_step_03_transition.png","public/instructional-images/yoga/anxiety-relief/yoga_anxiety_008_tree_pose_step_03_hands_prayer.png"
"public/instructional-images/yoga/stress-relief-50-asanas/yoga_stress_012_002_vrikshasana_step_04_final.png","public/instructional-images/yoga/anxiety-relief/yoga_anxiety_008_tree_pose_step_04_final.png"
"public/instructional-images/yoga/stress-relief-50-asanas/yoga_stress_012_002_vrikshasana_step_05_common_mistake.png","public/instructional-images/yoga/anxiety-relief/yoga_anxiety_008_tree_pose_step_05_common_mistake.png"
"public/instructional-images/yoga/stress-relief-50-asanas/yoga_stress_012_002_vrikshasana_step_06_correction.png","public/instructional-images/yoga/anxiety-relief/yoga_anxiety_008_tree_pose_step_06_correction.png"
"public/instructional-images/yoga/stress-relief-50-asanas/yoga_stress_012_006_trikonasana_step_01_start.png","public/instructional-images/yoga/anxiety-relief/yoga_anxiety_006_triangle_pose_step_01_wide_stance.png"
"public/instructional-images/yoga/stress-relief-50-asanas/yoga_stress_012_006_trikonasana_step_01_start.png","public/instructional-images/yoga/energy-recovery/yoga_energy_recovery_002_trikonasana_step_01_wide_stance.png"
"public/instructional-images/yoga/stress-relief-50-asanas/yoga_stress_012_006_trikonasana_step_02_entry.png","public/instructional-images/yoga/anxiety-relief/yoga_anxiety_006_triangle_pose_step_02_side_reach.png"
"public/instructional-images/yoga/stress-relief-50-asanas/yoga_stress_012_006_trikonasana_step_02_entry.png","public/instructional-images/yoga/energy-recovery/yoga_energy_recovery_002_trikonasana_step_02_side_reach.png"
"public/instructional-images/yoga/stress-relief-50-asanas/yoga_stress_012_006_trikonasana_step_03_transition.png","public/instructional-images/yoga/anxiety-relief/yoga_anxiety_006_triangle_pose_step_03_hand_support.png"
"public/instructional-images/yoga/stress-relief-50-asanas/yoga_stress_012_006_trikonasana_step_03_transition.png","public/instructional-images/yoga/energy-recovery/yoga_energy_recovery_002_trikonasana_step_03_hand_support.png"
"public/instructional-images/yoga/stress-relief-50-asanas/yoga_stress_012_006_trikonasana_step_04_final.png","public/instructional-images/yoga/anxiety-relief/yoga_anxiety_006_triangle_pose_step_04_final.png"
"public/instructional-images/yoga/stress-relief-50-asanas/yoga_stress_012_006_trikonasana_step_04_final.png","public/instructional-images/yoga/energy-recovery/yoga_energy_recovery_002_trikonasana_step_04_final.png"
"public/instructional-images/yoga/stress-relief-50-asanas/yoga_stress_012_006_trikonasana_step_05_common_mistake.png","public/instructional-images/yoga/anxiety-relief/yoga_anxiety_006_triangle_pose_step_05_common_mistake.png"
"public/instructional-images/yoga/stress-relief-50-asanas/yoga_stress_012_006_trikonasana_step_05_common_mistake.png","public/instructional-images/yoga/energy-recovery/yoga_energy_recovery_002_trikonasana_step_05_common_mistake.png"
"public/instructional-images/yoga/stress-relief-50-asanas/yoga_stress_012_006_trikonasana_step_06_correction.png","public/instructional-images/yoga/anxiety-relief/yoga_anxiety_006_triangle_pose_step_06_correction.png"
"public/instructional-images/yoga/stress-relief-50-asanas/yoga_stress_012_006_trikonasana_step_06_correction.png","public/instructional-images/yoga/energy-recovery/yoga_energy_recovery_002_trikonasana_step_06_correction.png"
"public/instructional-images/yoga/stress-relief-50-asanas/yoga_stress_012_011_vajrasana_step_01_start.png","public/instructional-images/yoga/stress-relief-50-asanas/yoga_stress_012_044_vajrasana_step_01_start.png"
"public/instructional-images/yoga/stress-relief-50-asanas/yoga_stress_012_011_vajrasana_step_02_entry.png","public/instructional-images/yoga/stress-relief-50-asanas/yoga_stress_012_044_vajrasana_step_02_entry.png"
"public/instructional-images/yoga/stress-relief-50-asanas/yoga_stress_012_011_vajrasana_step_03_final.png","public/instructional-images/yoga/stress-relief-50-asanas/yoga_stress_012_044_vajrasana_step_03_final.png"
"public/instructional-images/yoga/stress-relief-50-asanas/yoga_stress_012_011_vajrasana_step_04_common_mistake.png","public/instructional-images/yoga/stress-relief-50-asanas/yoga_stress_012_044_vajrasana_step_04_common_mistake.png"
"public/instructional-images/yoga/stress-relief-50-asanas/yoga_stress_012_011_vajrasana_step_05_correction.png","public/instructional-images/yoga/stress-relief-50-asanas/yoga_stress_012_044_vajrasana_step_05_correction.png"
"public/instructional-images/yoga/stress-relief-50-asanas/yoga_stress_012_033_setu_bandhasana_step_01_start.png","public/instructional-images/yoga/anxiety-relief/yoga_anxiety_009_bridge_pose_step_01_lie_down.png"
"public/instructional-images/yoga/stress-relief-50-asanas/yoga_stress_012_033_setu_bandhasana_step_01_start.png","public/instructional-images/yoga/energy-recovery/yoga_energy_recovery_007_setu_bandhasana_step_01_lie_down.png"
"public/instructional-images/yoga/stress-relief-50-asanas/yoga_stress_012_033_setu_bandhasana_step_02_entry.png","public/instructional-images/yoga/anxiety-relief/yoga_anxiety_009_bridge_pose_step_02_hips_lift.png"
"public/instructional-images/yoga/stress-relief-50-asanas/yoga_stress_012_033_setu_bandhasana_step_02_entry.png","public/instructional-images/yoga/energy-recovery/yoga_energy_recovery_007_setu_bandhasana_step_02_hips_lift.png"
"public/instructional-images/yoga/stress-relief-50-asanas/yoga_stress_012_033_setu_bandhasana_step_03_final.png","public/instructional-images/yoga/anxiety-relief/yoga_anxiety_009_bridge_pose_step_03_final.png"
"public/instructional-images/yoga/stress-relief-50-asanas/yoga_stress_012_033_setu_bandhasana_step_03_final.png","public/instructional-images/yoga/energy-recovery/yoga_energy_recovery_007_setu_bandhasana_step_03_final.png"
"public/instructional-images/yoga/stress-relief-50-asanas/yoga_stress_012_033_setu_bandhasana_step_04_common_mistake.png","public/instructional-images/yoga/anxiety-relief/yoga_anxiety_009_bridge_pose_step_04_common_mistake.png"
"public/instructional-images/yoga/stress-relief-50-asanas/yoga_stress_012_033_setu_bandhasana_step_04_common_mistake.png","public/instructional-images/yoga/energy-recovery/yoga_energy_recovery_007_setu_bandhasana_step_04_common_mistake.png"
"public/instructional-images/yoga/stress-relief-50-asanas/yoga_stress_012_033_setu_bandhasana_step_05_correction.png","public/instructional-images/yoga/anxiety-relief/yoga_anxiety_009_bridge_pose_step_05_correction.png"
"public/instructional-images/yoga/stress-relief-50-asanas/yoga_stress_012_033_setu_bandhasana_step_05_correction.png","public/instructional-images/yoga/energy-recovery/yoga_energy_recovery_007_setu_bandhasana_step_05_correction.png"
"public/instructional-images/yoga/stress-relief-50-asanas/yoga_stress_012_041_uttana_shishosana_step_01_start.png","public/instructional-images/yoga/emotional-release/yoga_emotional_002_puppy_pose_step_01_tabletop.png"
"public/instructional-images/yoga/stress-relief-50-asanas/yoga_stress_012_041_uttana_shishosana_step_02_entry.png","public/instructional-images/yoga/emotional-release/yoga_emotional_002_puppy_pose_step_02_hands_forward.png"
"public/instructional-images/yoga/stress-relief-50-asanas/yoga_stress_012_041_uttana_shishosana_step_04_final.png","public/instructional-images/yoga/emotional-release/yoga_emotional_002_puppy_pose_step_03_chest_down.png"
"public/instructional-images/yoga/stress-relief-50-asanas/yoga_stress_012_041_uttana_shishosana_step_05_common_mistake.png","public/instructional-images/yoga/emotional-release/yoga_emotional_002_puppy_pose_step_04_common_mistake.png"
"public/instructional-images/yoga/stress-relief-50-asanas/yoga_stress_012_041_uttana_shishosana_step_06_correction.png","public/instructional-images/yoga/emotional-release/yoga_emotional_002_puppy_pose_step_05_correction.png"
"public/instructional-images/yoga/stress-relief-50-asanas/yoga_stress_012_043_viparita_karani_step_01_start.png","public/instructional-images/yoga/energy-recovery/yoga_energy_recovery_008_viparita_karani_step_01_sit_near_wall.png"
"public/instructional-images/yoga/stress-relief-50-asanas/yoga_stress_012_043_viparita_karani_step_02_entry.png","public/instructional-images/yoga/anxiety-relief/yoga_anxiety_010_legs_up_step_02_legs_lift.png"
"public/instructional-images/yoga/stress-relief-50-asanas/yoga_stress_012_043_viparita_karani_step_02_entry.png","public/instructional-images/yoga/energy-recovery/yoga_energy_recovery_008_viparita_karani_step_02_legs_up.png"
"public/instructional-images/yoga/stress-relief-50-asanas/yoga_stress_012_043_viparita_karani_step_03_final.png","public/instructional-images/yoga/anxiety-relief/yoga_anxiety_010_legs_up_step_03_final.png"
"public/instructional-images/yoga/stress-relief-50-asanas/yoga_stress_012_043_viparita_karani_step_03_final.png","public/instructional-images/yoga/energy-recovery/yoga_energy_recovery_008_viparita_karani_step_03_final.png"
"public/instructional-images/yoga/stress-relief-50-asanas/yoga_stress_012_043_viparita_karani_step_04_common_mistake.png","public/instructional-images/yoga/anxiety-relief/yoga_anxiety_010_legs_up_step_04_common_mistake.png"
"public/instructional-images/yoga/stress-relief-50-asanas/yoga_stress_012_043_viparita_karani_step_04_common_mistake.png","public/instructional-images/yoga/energy-recovery/yoga_energy_recovery_008_viparita_karani_step_04_common_mistake.png"
"public/instructional-images/yoga/stress-relief-50-asanas/yoga_stress_012_043_viparita_karani_step_05_correction.png","public/instructional-images/yoga/anxiety-relief/yoga_anxiety_010_legs_up_step_05_correction.png"
"public/instructional-images/yoga/stress-relief-50-asanas/yoga_stress_012_043_viparita_karani_step_05_correction.png","public/instructional-images/yoga/energy-recovery/yoga_energy_recovery_008_viparita_karani_step_05_correction.png"
"public/instructional-images/yoga/stress-relief-50-asanas/yoga_stress_012_057_savasana_step_01_start.png","public/instructional-images/yoga/energy-recovery/yoga_energy_recovery_009_savasana_step_01_lie_down.png"
"public/instructional-images/yoga/stress-relief-50-asanas/yoga_stress_012_057_savasana_step_02_entry.png","public/instructional-images/yoga/energy-recovery/yoga_energy_recovery_009_savasana_step_02_body_relax.png"
"public/instructional-images/yoga/stress-relief-50-asanas/yoga_stress_012_057_savasana_step_03_final.png","public/instructional-images/yoga/energy-recovery/yoga_energy_recovery_009_savasana_step_03_final.png"
"public/instructional-images/yoga/stress-relief-50-asanas/yoga_stress_012_057_savasana_step_04_common_mistake.png","public/instructional-images/yoga/energy-recovery/yoga_energy_recovery_009_savasana_step_04_common_mistake.png"
"public/instructional-images/yoga/stress-relief-50-asanas/yoga_stress_012_057_savasana_step_05_correction.png","public/instructional-images/yoga/energy-recovery/yoga_energy_recovery_009_savasana_step_05_correction.png"
"public/instructional-images/yoga/surya-namaskar/surya_007_bhujangasana_step_01_start.png","public/instructional-images/yoga/energy-recovery/yoga_energy_recovery_006_bhujangasana_step_01_prone.png"
"public/instructional-images/yoga/surya-namaskar/surya_007_bhujangasana_step_01_start.png","public/instructional-images/yoga/stress-relief-50-asanas/yoga_stress_012_029_bhujangasana_step_01_start.png"
"public/instructional-images/yoga/surya-namaskar/surya_007_bhujangasana_step_02_slide_forward.png","public/instructional-images/yoga/energy-recovery/yoga_energy_recovery_006_bhujangasana_step_02_hands_under_shoulders.png"
"public/instructional-images/yoga/surya-namaskar/surya_007_bhujangasana_step_02_slide_forward.png","public/instructional-images/yoga/stress-relief-50-asanas/yoga_stress_012_029_bhujangasana_step_02_entry.png"
"public/instructional-images/yoga/surya-namaskar/surya_007_bhujangasana_step_03_chest_lift.png","public/instructional-images/yoga/energy-recovery/yoga_energy_recovery_006_bhujangasana_step_03_chest_lift.png"
"public/instructional-images/yoga/surya-namaskar/surya_007_bhujangasana_step_04_final.png","public/instructional-images/yoga/energy-recovery/yoga_energy_recovery_006_bhujangasana_step_04_final.png"
"public/instructional-images/yoga/surya-namaskar/surya_007_bhujangasana_step_04_final.png","public/instructional-images/yoga/stress-relief-50-asanas/yoga_stress_012_029_bhujangasana_step_03_final.png"
"public/instructional-images/yoga/surya-namaskar/surya_007_bhujangasana_step_05_common_mistake.png","public/instructional-images/yoga/energy-recovery/yoga_energy_recovery_006_bhujangasana_step_05_common_mistake.png"
"public/instructional-images/yoga/surya-namaskar/surya_007_bhujangasana_step_05_common_mistake.png","public/instructional-images/yoga/stress-relief-50-asanas/yoga_stress_012_029_bhujangasana_step_04_common_mistake.png"
"public/instructional-images/yoga/surya-namaskar/surya_007_bhujangasana_step_06_correction.png","public/instructional-images/yoga/energy-recovery/yoga_energy_recovery_006_bhujangasana_step_06_correction.png"
"public/instructional-images/yoga/surya-namaskar/surya_007_bhujangasana_step_06_correction.png","public/instructional-images/yoga/stress-relief-50-asanas/yoga_stress_012_029_bhujangasana_step_05_correction.png"
"public/instructional-images/yoga/surya-namaskar/surya_008_parvatasana_step_01_start.png","public/instructional-images/yoga/energy-recovery/yoga_energy_recovery_003_adho_mukha_svanasana_step_01_tabletop_or_plank.png"
"public/instructional-images/yoga/surya-namaskar/surya_008_parvatasana_step_02_hips_lift.png","public/instructional-images/yoga/energy-recovery/yoga_energy_recovery_003_adho_mukha_svanasana_step_02_hips_up.png"
"public/instructional-images/yoga/surya-namaskar/surya_008_parvatasana_step_03_push_back.png","public/instructional-images/yoga/energy-recovery/yoga_energy_recovery_003_adho_mukha_svanasana_step_03_legs_extend.png"
"public/instructional-images/yoga/surya-namaskar/surya_008_parvatasana_step_04_final.png","public/instructional-images/yoga/energy-recovery/yoga_energy_recovery_003_adho_mukha_svanasana_step_04_final.png"
"public/instructional-images/yoga/surya-namaskar/surya_008_parvatasana_step_05_common_mistake.png","public/instructional-images/yoga/energy-recovery/yoga_energy_recovery_003_adho_mukha_svanasana_step_05_common_mistake.png"
"public/instructional-images/yoga/surya-namaskar/surya_008_parvatasana_step_06_correction.png","public/instructional-images/yoga/energy-recovery/yoga_energy_recovery_003_adho_mukha_svanasana_step_06_correction.png"
